[{"__symbolic":"module","version":4,"metadata":{"AppVersion":{"__symbolic":"class","extends":{"__symbolic":"reference","module":"@ionic-native/core","name":"IonicNativePlugin","line":35,"character":32},"decorators":[{"__symbolic":"call","expression":{"__symbolic":"reference","module":"@ionic-native/core","name":"Plugin","line":26,"character":1},"arguments":[{"pluginName":"AppVersion","plugin":"cordova-plugin-app-version","pluginRef":"exe.AppVersion","repo":"https://github.com/whiteoctober/cordova-plugin-app-version","platforms":["Android","iOS","Windows"]}]},{"__symbolic":"call","expression":{"__symbolic":"reference","module":"@angular/core","name":"Injectable","line":34,"character":1}}],"members":{"getAppName":[{"__symbolic":"method","decorators":[{"__symbolic":"call","expression":{"__symbolic":"reference","module":"@ionic-native/core","name":"Cordova","line":41,"character":3}}]}],"getPackageName":[{"__symbolic":"method","decorators":[{"__symbolic":"call","expression":{"__symbolic":"reference","module":"@ionic-native/core","name":"Cordova","line":48,"character":3}}]}],"getVersionCode":[{"__symbolic":"method","decorators":[{"__symbolic":"call","expression":{"__symbolic":"reference","module":"@ionic-native/core","name":"Cordova","line":57,"character":3}}]}],"getVersionNumber":[{"__symbolic":"method","decorators":[{"__symbolic":"call","expression":{"__symbolic":"reference","module":"@ionic-native/core","name":"Cordova","line":64,"character":3}}]}]}}}}]