{"moduleName":null,"summaries":[{"symbol":{"__symbol":0,"members":[]},"metadata":{"__symbolic":"class","extends":{"__symbolic":"resolved","symbol":{"__symbol":1,"members":[]},"line":35,"character":32,"fileName":"src\\@ionic-native\\plugins\\app-version\\index.ts"},"members":{"getAppName":[{"__symbolic":"method","decorators":[{"__symbolic":"call","expression":{"__symbolic":"resolved","symbol":{"__symbol":2,"members":[]},"line":41,"character":3,"fileName":"src\\@ionic-native\\plugins\\app-version\\index.ts"}}]}],"getPackageName":[{"__symbolic":"method","decorators":[{"__symbolic":"call","expression":{"__symbolic":"resolved","symbol":{"__symbol":2,"members":[]},"line":48,"character":3,"fileName":"src\\@ionic-native\\plugins\\app-version\\index.ts"}}]}],"getVersionCode":[{"__symbolic":"method","decorators":[{"__symbolic":"call","expression":{"__symbolic":"resolved","symbol":{"__symbol":2,"members":[]},"line":57,"character":3,"fileName":"src\\@ionic-native\\plugins\\app-version\\index.ts"}}]}],"getVersionNumber":[{"__symbolic":"method","decorators":[{"__symbolic":"call","expression":{"__symbolic":"resolved","symbol":{"__symbol":2,"members":[]},"line":64,"character":3,"fileName":"src\\@ionic-native\\plugins\\app-version\\index.ts"}}]}]}},"type":{"summaryKind":3,"type":{"reference":{"__symbol":0,"members":[]},"diDeps":[],"lifecycleHooks":[]}}}],"symbols":[{"__symbol":0,"name":"AppVersion","filePath":"./index"},{"__symbol":1,"name":"IonicNativePlugin","filePath":"../../../../dist/@ionic-native/core/index"},{"__symbol":2,"name":"Cordova","filePath":"../../../../dist/@ionic-native/core/index"}]}