[{"__symbolic":"module","version":4,"metadata":{"Device":{"__symbolic":"class","extends":{"__symbolic":"reference","module":"@ionic-native/core","name":"IonicNativePlugin","line":30,"character":28},"decorators":[{"__symbolic":"call","expression":{"__symbolic":"reference","module":"@ionic-native/core","name":"Plugin","line":21,"character":1},"arguments":[{"pluginName":"Device","plugin":"cordova-plugin-device","pluginRef":"exe.Device","repo":"https://github.com/apache/cordova-plugin-device","platforms":["Android","Browser","iOS","macOS","Windows"]}]},{"__symbolic":"call","expression":{"__symbolic":"reference","module":"@angular/core","name":"Injectable","line":29,"character":1}}],"members":{"cordova":[{"__symbolic":"property","decorators":[{"__symbolic":"reference","module":"@ionic-native/core","name":"CordovaProperty","line":33,"character":3}]}],"model":[{"__symbolic":"property","decorators":[{"__symbolic":"reference","module":"@ionic-native/core","name":"CordovaProperty","line":40,"character":3}]}],"platform":[{"__symbolic":"property","decorators":[{"__symbolic":"reference","module":"@ionic-native/core","name":"CordovaProperty","line":44,"character":3}]}],"uuid":[{"__symbolic":"property","decorators":[{"__symbolic":"reference","module":"@ionic-native/core","name":"CordovaProperty","line":48,"character":3}]}],"version":[{"__symbolic":"property","decorators":[{"__symbolic":"reference","module":"@ionic-native/core","name":"CordovaProperty","line":52,"character":3}]}],"manufacturer":[{"__symbolic":"property","decorators":[{"__symbolic":"reference","module":"@ionic-native/core","name":"CordovaProperty","line":56,"character":3}]}],"isVirtual":[{"__symbolic":"property","decorators":[{"__symbolic":"reference","module":"@ionic-native/core","name":"CordovaProperty","line":60,"character":3}]}],"serial":[{"__symbolic":"property","decorators":[{"__symbolic":"reference","module":"@ionic-native/core","name":"CordovaProperty","line":64,"character":3}]}]}}}}]