{"moduleName":null,"summaries":[{"symbol":{"__symbol":0,"members":[]},"metadata":{"__symbolic":"class","extends":{"__symbolic":"resolved","symbol":{"__symbol":1,"members":[]},"line":30,"character":28,"fileName":"src\\@ionic-native\\plugins\\device\\index.ts"},"members":{"cordova":[{"__symbolic":"property","decorators":[{"__symbolic":"resolved","symbol":{"__symbol":2,"members":[]},"line":33,"character":3,"fileName":"src\\@ionic-native\\plugins\\device\\index.ts"}]}],"model":[{"__symbolic":"property","decorators":[{"__symbolic":"resolved","symbol":{"__symbol":2,"members":[]},"line":40,"character":3,"fileName":"src\\@ionic-native\\plugins\\device\\index.ts"}]}],"platform":[{"__symbolic":"property","decorators":[{"__symbolic":"resolved","symbol":{"__symbol":2,"members":[]},"line":44,"character":3,"fileName":"src\\@ionic-native\\plugins\\device\\index.ts"}]}],"uuid":[{"__symbolic":"property","decorators":[{"__symbolic":"resolved","symbol":{"__symbol":2,"members":[]},"line":48,"character":3,"fileName":"src\\@ionic-native\\plugins\\device\\index.ts"}]}],"version":[{"__symbolic":"property","decorators":[{"__symbolic":"resolved","symbol":{"__symbol":2,"members":[]},"line":52,"character":3,"fileName":"src\\@ionic-native\\plugins\\device\\index.ts"}]}],"manufacturer":[{"__symbolic":"property","decorators":[{"__symbolic":"resolved","symbol":{"__symbol":2,"members":[]},"line":56,"character":3,"fileName":"src\\@ionic-native\\plugins\\device\\index.ts"}]}],"isVirtual":[{"__symbolic":"property","decorators":[{"__symbolic":"resolved","symbol":{"__symbol":2,"members":[]},"line":60,"character":3,"fileName":"src\\@ionic-native\\plugins\\device\\index.ts"}]}],"serial":[{"__symbolic":"property","decorators":[{"__symbolic":"resolved","symbol":{"__symbol":2,"members":[]},"line":64,"character":3,"fileName":"src\\@ionic-native\\plugins\\device\\index.ts"}]}]}},"type":{"summaryKind":3,"type":{"reference":{"__symbol":0,"members":[]},"diDeps":[],"lifecycleHooks":[]}}}],"symbols":[{"__symbol":0,"name":"Device","filePath":"./index"},{"__symbol":1,"name":"IonicNativePlugin","filePath":"../../../../dist/@ionic-native/core/index"},{"__symbol":2,"name":"CordovaProperty","filePath":"../../../../dist/@ionic-native/core/index"}]}