[{"__symbolic":"module","version":4,"metadata":{"Scene":{"SESSION":0,"TIMELINE":1,"FAVORITE":2},"Type":{"APP":1,"EMOTION":2,"FILE":3,"IMAGE":4,"MUSIC":5,"VIDEO":6,"WEBPAGE":7},"MediaType":{"__symbolic":"interface"},"ShareMessageOptions":{"__symbolic":"interface"},"ShareOptions":{"__symbolic":"interface"},"Share":{"__symbolic":"class","extends":{"__symbolic":"reference","module":"@ionic-native/core","name":"IonicNativePlugin","line":58,"character":27},"decorators":[{"__symbolic":"call","expression":{"__symbolic":"reference","module":"@ionic-native/core","name":"Plugin","line":49,"character":1},"arguments":[{"pluginName":"Share","plugin":"cordova-plugin-share","pluginRef":"exe.Share","repo":"","platforms":["Android","iOS"]}]},{"__symbolic":"call","expression":{"__symbolic":"reference","module":"@angular/core","name":"Injectable","line":57,"character":1}}],"members":{"isInstalled":[{"__symbolic":"method","decorators":[{"__symbolic":"call","expression":{"__symbolic":"reference","module":"@ionic-native/core","name":"Cordova","line":78,"character":3}}]}],"share":[{"__symbolic":"method","decorators":[{"__symbolic":"call","expression":{"__symbolic":"reference","module":"@ionic-native/core","name":"Cordova","line":83,"character":3}}]}],"auth":[{"__symbolic":"method","decorators":[{"__symbolic":"call","expression":{"__symbolic":"reference","module":"@ionic-native/core","name":"Cordova","line":88,"character":3}}]}]}}}}]