{"moduleName":null,"summaries":[{"symbol":{"__symbol":0,"members":[]},"metadata":{"SESSION":0,"TIMELINE":1,"FAVORITE":2}},{"symbol":{"__symbol":1,"members":[]},"metadata":{"APP":1,"EMOTION":2,"FILE":3,"IMAGE":4,"MUSIC":5,"VIDEO":6,"WEBPAGE":7}},{"symbol":{"__symbol":2,"members":[]},"metadata":{"__symbolic":"interface"}},{"symbol":{"__symbol":3,"members":[]},"metadata":{"__symbolic":"interface"}},{"symbol":{"__symbol":4,"members":[]},"metadata":{"__symbolic":"interface"}},{"symbol":{"__symbol":5,"members":[]},"metadata":{"__symbolic":"class","extends":{"__symbolic":"resolved","symbol":{"__symbol":6,"members":[]},"line":58,"character":27,"fileName":"src\\@ionic-native\\plugins\\share\\index.ts"},"members":{"isInstalled":[{"__symbolic":"method","decorators":[{"__symbolic":"call","expression":{"__symbolic":"resolved","symbol":{"__symbol":7,"members":[]},"line":78,"character":3,"fileName":"src\\@ionic-native\\plugins\\share\\index.ts"}}]}],"share":[{"__symbolic":"method","decorators":[{"__symbolic":"call","expression":{"__symbolic":"resolved","symbol":{"__symbol":7,"members":[]},"line":83,"character":3,"fileName":"src\\@ionic-native\\plugins\\share\\index.ts"}}]}],"auth":[{"__symbolic":"method","decorators":[{"__symbolic":"call","expression":{"__symbolic":"resolved","symbol":{"__symbol":7,"members":[]},"line":88,"character":3,"fileName":"src\\@ionic-native\\plugins\\share\\index.ts"}}]}]}},"type":{"summaryKind":3,"type":{"reference":{"__symbol":5,"members":[]},"diDeps":[],"lifecycleHooks":[]}}}],"symbols":[{"__symbol":0,"name":"Scene","filePath":"./index"},{"__symbol":1,"name":"Type","filePath":"./index"},{"__symbol":2,"name":"MediaType","filePath":"./index"},{"__symbol":3,"name":"ShareMessageOptions","filePath":"./index"},{"__symbol":4,"name":"ShareOptions","filePath":"./index"},{"__symbol":5,"name":"Share","filePath":"./index"},{"__symbol":6,"name":"IonicNativePlugin","filePath":"../../../../dist/@ionic-native/core/index"},{"__symbol":7,"name":"Cordova","filePath":"../../../../dist/@ionic-native/core/index"}]}