{"moduleName":null,"summaries":[{"symbol":{"__symbol":0,"members":[]},"metadata":{"__symbolic":"interface"}},{"symbol":{"__symbol":1,"members":[]},"metadata":{"__symbolic":"interface"}},{"symbol":{"__symbol":2,"members":[]},"metadata":{"__symbolic":"class","extends":{"__symbolic":"resolved","symbol":{"__symbol":3,"members":[]},"line":29,"character":27,"fileName":"src\\@ionic-native\\plugins\\jpush\\index.ts"},"members":{"init":[{"__symbolic":"method","decorators":[{"__symbolic":"call","expression":{"__symbolic":"resolved","symbol":{"__symbol":4,"members":[]},"line":30,"character":3,"fileName":"src\\@ionic-native\\plugins\\jpush\\index.ts"},"arguments":[{"sync":true}]}]}],"stopPush":[{"__symbolic":"method","decorators":[{"__symbolic":"call","expression":{"__symbolic":"resolved","symbol":{"__symbol":4,"members":[]},"line":35,"character":3,"fileName":"src\\@ionic-native\\plugins\\jpush\\index.ts"},"arguments":[{"sync":true}]}]}],"resumePush":[{"__symbolic":"method","decorators":[{"__symbolic":"call","expression":{"__symbolic":"resolved","symbol":{"__symbol":4,"members":[]},"line":40,"character":3,"fileName":"src\\@ionic-native\\plugins\\jpush\\index.ts"},"arguments":[{"sync":true}]}]}],"clearLocalNotifications":[{"__symbolic":"method","decorators":[{"__symbolic":"call","expression":{"__symbolic":"resolved","symbol":{"__symbol":4,"members":[]},"line":45,"character":3,"fileName":"src\\@ionic-native\\plugins\\jpush\\index.ts"},"arguments":[{"sync":true}]}]}],"getRegistrationID":[{"__symbolic":"method","decorators":[{"__symbolic":"call","expression":{"__symbolic":"resolved","symbol":{"__symbol":4,"members":[]},"line":50,"character":3,"fileName":"src\\@ionic-native\\plugins\\jpush\\index.ts"}}]}],"isPushStopped":[{"__symbolic":"method","decorators":[{"__symbolic":"call","expression":{"__symbolic":"resolved","symbol":{"__symbol":4,"members":[]},"line":55,"character":3,"fileName":"src\\@ionic-native\\plugins\\jpush\\index.ts"}}]}],"setTags":[{"__symbolic":"method","decorators":[{"__symbolic":"call","expression":{"__symbolic":"resolved","symbol":{"__symbol":4,"members":[]},"line":60,"character":3,"fileName":"src\\@ionic-native\\plugins\\jpush\\index.ts"}}]}],"addTags":[{"__symbolic":"method","decorators":[{"__symbolic":"call","expression":{"__symbolic":"resolved","symbol":{"__symbol":4,"members":[]},"line":70,"character":3,"fileName":"src\\@ionic-native\\plugins\\jpush\\index.ts"}}]}],"deleteTags":[{"__symbolic":"method","decorators":[{"__symbolic":"call","expression":{"__symbolic":"resolved","symbol":{"__symbol":4,"members":[]},"line":79,"character":3,"fileName":"src\\@ionic-native\\plugins\\jpush\\index.ts"}}]}],"cleanTags":[{"__symbolic":"method","decorators":[{"__symbolic":"call","expression":{"__symbolic":"resolved","symbol":{"__symbol":4,"members":[]},"line":88,"character":3,"fileName":"src\\@ionic-native\\plugins\\jpush\\index.ts"}}]}],"getAllTags":[{"__symbolic":"method","decorators":[{"__symbolic":"call","expression":{"__symbolic":"resolved","symbol":{"__symbol":4,"members":[]},"line":97,"character":3,"fileName":"src\\@ionic-native\\plugins\\jpush\\index.ts"}}]}],"checkTagBindState":[{"__symbolic":"method","decorators":[{"__symbolic":"call","expression":{"__symbolic":"resolved","symbol":{"__symbol":4,"members":[]},"line":106,"character":3,"fileName":"src\\@ionic-native\\plugins\\jpush\\index.ts"}}]}],"setAlias":[{"__symbolic":"method","decorators":[{"__symbolic":"call","expression":{"__symbolic":"resolved","symbol":{"__symbol":4,"members":[]},"line":115,"character":3,"fileName":"src\\@ionic-native\\plugins\\jpush\\index.ts"}}]}],"deleteAlias":[{"__symbolic":"method","decorators":[{"__symbolic":"call","expression":{"__symbolic":"resolved","symbol":{"__symbol":4,"members":[]},"line":125,"character":3,"fileName":"src\\@ionic-native\\plugins\\jpush\\index.ts"}}]}],"getAlias":[{"__symbolic":"method","decorators":[{"__symbolic":"call","expression":{"__symbolic":"resolved","symbol":{"__symbol":4,"members":[]},"line":134,"character":3,"fileName":"src\\@ionic-native\\plugins\\jpush\\index.ts"}}]}],"getUserNotificationSettings":[{"__symbolic":"method","decorators":[{"__symbolic":"call","expression":{"__symbolic":"resolved","symbol":{"__symbol":4,"members":[]},"line":143,"character":3,"fileName":"src\\@ionic-native\\plugins\\jpush\\index.ts"}}]}],"startJPushSDK":[{"__symbolic":"method","decorators":[{"__symbolic":"call","expression":{"__symbolic":"resolved","symbol":{"__symbol":4,"members":[]},"line":156,"character":3,"fileName":"src\\@ionic-native\\plugins\\jpush\\index.ts"},"arguments":[{"sync":true,"platforms":["iOS"]}]}]}],"setBadge":[{"__symbolic":"method","decorators":[{"__symbolic":"call","expression":{"__symbolic":"resolved","symbol":{"__symbol":4,"members":[]},"line":162,"character":3,"fileName":"src\\@ionic-native\\plugins\\jpush\\index.ts"},"arguments":[{"sync":true,"platforms":["iOS"]}]}]}],"resetBadge":[{"__symbolic":"method","decorators":[{"__symbolic":"call","expression":{"__symbolic":"resolved","symbol":{"__symbol":4,"members":[]},"line":168,"character":3,"fileName":"src\\@ionic-native\\plugins\\jpush\\index.ts"},"arguments":[{"sync":true,"platforms":["iOS"]}]}]}],"setDebugModeFromIos":[{"__symbolic":"method","decorators":[{"__symbolic":"call","expression":{"__symbolic":"resolved","symbol":{"__symbol":4,"members":[]},"line":174,"character":3,"fileName":"src\\@ionic-native\\plugins\\jpush\\index.ts"},"arguments":[{"sync":true,"platforms":["iOS"]}]}]}],"setLogOFF":[{"__symbolic":"method","decorators":[{"__symbolic":"call","expression":{"__symbolic":"resolved","symbol":{"__symbol":4,"members":[]},"line":180,"character":3,"fileName":"src\\@ionic-native\\plugins\\jpush\\index.ts"},"arguments":[{"sync":true,"platforms":["iOS"]}]}]}],"setCrashLogON":[{"__symbolic":"method","decorators":[{"__symbolic":"call","expression":{"__symbolic":"resolved","symbol":{"__symbol":4,"members":[]},"line":186,"character":3,"fileName":"src\\@ionic-native\\plugins\\jpush\\index.ts"},"arguments":[{"sync":true,"platforms":["iOS"]}]}]}],"clearAllLocalNotifications":[{"__symbolic":"method","decorators":[{"__symbolic":"call","expression":{"__symbolic":"resolved","symbol":{"__symbol":4,"members":[]},"line":192,"character":3,"fileName":"src\\@ionic-native\\plugins\\jpush\\index.ts"},"arguments":[{"sync":true,"platforms":["iOS"]}]}]}],"setLocation":[{"__symbolic":"method","decorators":[{"__symbolic":"call","expression":{"__symbolic":"resolved","symbol":{"__symbol":4,"members":[]},"line":198,"character":3,"fileName":"src\\@ionic-native\\plugins\\jpush\\index.ts"},"arguments":[{"sync":true,"platforms":["iOS"]}]}]}],"startLogPageView":[{"__symbolic":"method","decorators":[{"__symbolic":"call","expression":{"__symbolic":"resolved","symbol":{"__symbol":4,"members":[]},"line":204,"character":3,"fileName":"src\\@ionic-native\\plugins\\jpush\\index.ts"},"arguments":[{"sync":true,"platforms":["iOS"]}]}]}],"stopLogPageView":[{"__symbolic":"method","decorators":[{"__symbolic":"call","expression":{"__symbolic":"resolved","symbol":{"__symbol":4,"members":[]},"line":210,"character":3,"fileName":"src\\@ionic-native\\plugins\\jpush\\index.ts"},"arguments":[{"sync":true,"platforms":["iOS"]}]}]}],"setApplicationIconBadgeNumber":[{"__symbolic":"method","decorators":[{"__symbolic":"call","expression":{"__symbolic":"resolved","symbol":{"__symbol":4,"members":[]},"line":216,"character":3,"fileName":"src\\@ionic-native\\plugins\\jpush\\index.ts"},"arguments":[{"sync":true,"platforms":["iOS"]}]}]}],"getApplicationIconBadgeNumber":[{"__symbolic":"method","decorators":[{"__symbolic":"call","expression":{"__symbolic":"resolved","symbol":{"__symbol":4,"members":[]},"line":222,"character":3,"fileName":"src\\@ionic-native\\plugins\\jpush\\index.ts"},"arguments":[{"platforms":["iOS"]}]}]}],"getConnectionState":[{"__symbolic":"method","decorators":[{"__symbolic":"call","expression":{"__symbolic":"resolved","symbol":{"__symbol":4,"members":[]},"line":229,"character":3,"fileName":"src\\@ionic-native\\plugins\\jpush\\index.ts"},"arguments":[{"platforms":["Android"]}]}]}],"setBasicPushNotificationBuilder":[{"__symbolic":"method","decorators":[{"__symbolic":"call","expression":{"__symbolic":"resolved","symbol":{"__symbol":4,"members":[]},"line":236,"character":3,"fileName":"src\\@ionic-native\\plugins\\jpush\\index.ts"},"arguments":[{"platforms":["Android"]}]}]}],"clearAllNotification":[{"__symbolic":"method","decorators":[{"__symbolic":"call","expression":{"__symbolic":"resolved","symbol":{"__symbol":4,"members":[]},"line":243,"character":3,"fileName":"src\\@ionic-native\\plugins\\jpush\\index.ts"},"arguments":[{"platforms":["Android"]}]}]}],"clearNotificationById":[{"__symbolic":"method","decorators":[{"__symbolic":"call","expression":{"__symbolic":"resolved","symbol":{"__symbol":4,"members":[]},"line":248,"character":3,"fileName":"src\\@ionic-native\\plugins\\jpush\\index.ts"},"arguments":[{"platforms":["Android"]}]}]}]}},"type":{"summaryKind":3,"type":{"reference":{"__symbol":2,"members":[]},"diDeps":[],"lifecycleHooks":[]}}}],"symbols":[{"__symbol":0,"name":"TagsOptions","filePath":"./index"},{"__symbol":1,"name":"AliasOptions","filePath":"./index"},{"__symbol":2,"name":"JPush","filePath":"./index"},{"__symbol":3,"name":"IonicNativePlugin","filePath":"../../../../dist/@ionic-native/core/index"},{"__symbol":4,"name":"Cordova","filePath":"../../../../dist/@ionic-native/core/index"}]}