[{"__symbolic":"module","version":4,"metadata":{"TagsOptions":{"__symbolic":"interface"},"AliasOptions":{"__symbolic":"interface"},"JPush":{"__symbolic":"class","extends":{"__symbolic":"reference","module":"@ionic-native/core","name":"IonicNativePlugin","line":29,"character":27},"decorators":[{"__symbolic":"call","expression":{"__symbolic":"reference","module":"@ionic-native/core","name":"Plugin","line":17,"character":1},"arguments":[{"pluginName":"JPush","plugin":"jpush-phonegap-plugin","pluginRef":"exe.JPush","repo":"https://github.com/jpush/jpush-phonegap-plugin","install":"cordova plugin add jpush-phonegap-plugin --variable APP_KEY=your_jpush_appkey","installVariables":["APP_KEY"],"platforms":["Android","iOS"]}]},{"__symbolic":"call","expression":{"__symbolic":"reference","module":"@angular/core","name":"Injectable","line":28,"character":1}}],"members":{"init":[{"__symbolic":"method","decorators":[{"__symbolic":"call","expression":{"__symbolic":"reference","module":"@ionic-native/core","name":"Cordova","line":30,"character":3},"arguments":[{"sync":true}]}]}],"stopPush":[{"__symbolic":"method","decorators":[{"__symbolic":"call","expression":{"__symbolic":"reference","module":"@ionic-native/core","name":"Cordova","line":35,"character":3},"arguments":[{"sync":true}]}]}],"resumePush":[{"__symbolic":"method","decorators":[{"__symbolic":"call","expression":{"__symbolic":"reference","module":"@ionic-native/core","name":"Cordova","line":40,"character":3},"arguments":[{"sync":true}]}]}],"clearLocalNotifications":[{"__symbolic":"method","decorators":[{"__symbolic":"call","expression":{"__symbolic":"reference","module":"@ionic-native/core","name":"Cordova","line":45,"character":3},"arguments":[{"sync":true}]}]}],"getRegistrationID":[{"__symbolic":"method","decorators":[{"__symbolic":"call","expression":{"__symbolic":"reference","module":"@ionic-native/core","name":"Cordova","line":50,"character":3}}]}],"isPushStopped":[{"__symbolic":"method","decorators":[{"__symbolic":"call","expression":{"__symbolic":"reference","module":"@ionic-native/core","name":"Cordova","line":55,"character":3}}]}],"setTags":[{"__symbolic":"method","decorators":[{"__symbolic":"call","expression":{"__symbolic":"reference","module":"@ionic-native/core","name":"Cordova","line":60,"character":3}}]}],"addTags":[{"__symbolic":"method","decorators":[{"__symbolic":"call","expression":{"__symbolic":"reference","module":"@ionic-native/core","name":"Cordova","line":70,"character":3}}]}],"deleteTags":[{"__symbolic":"method","decorators":[{"__symbolic":"call","expression":{"__symbolic":"reference","module":"@ionic-native/core","name":"Cordova","line":79,"character":3}}]}],"cleanTags":[{"__symbolic":"method","decorators":[{"__symbolic":"call","expression":{"__symbolic":"reference","module":"@ionic-native/core","name":"Cordova","line":88,"character":3}}]}],"getAllTags":[{"__symbolic":"method","decorators":[{"__symbolic":"call","expression":{"__symbolic":"reference","module":"@ionic-native/core","name":"Cordova","line":97,"character":3}}]}],"checkTagBindState":[{"__symbolic":"method","decorators":[{"__symbolic":"call","expression":{"__symbolic":"reference","module":"@ionic-native/core","name":"Cordova","line":106,"character":3}}]}],"setAlias":[{"__symbolic":"method","decorators":[{"__symbolic":"call","expression":{"__symbolic":"reference","module":"@ionic-native/core","name":"Cordova","line":115,"character":3}}]}],"deleteAlias":[{"__symbolic":"method","decorators":[{"__symbolic":"call","expression":{"__symbolic":"reference","module":"@ionic-native/core","name":"Cordova","line":125,"character":3}}]}],"getAlias":[{"__symbolic":"method","decorators":[{"__symbolic":"call","expression":{"__symbolic":"reference","module":"@ionic-native/core","name":"Cordova","line":134,"character":3}}]}],"getUserNotificationSettings":[{"__symbolic":"method","decorators":[{"__symbolic":"call","expression":{"__symbolic":"reference","module":"@ionic-native/core","name":"Cordova","line":143,"character":3}}]}],"startJPushSDK":[{"__symbolic":"method","decorators":[{"__symbolic":"call","expression":{"__symbolic":"reference","module":"@ionic-native/core","name":"Cordova","line":156,"character":3},"arguments":[{"sync":true,"platforms":["iOS"]}]}]}],"setBadge":[{"__symbolic":"method","decorators":[{"__symbolic":"call","expression":{"__symbolic":"reference","module":"@ionic-native/core","name":"Cordova","line":162,"character":3},"arguments":[{"sync":true,"platforms":["iOS"]}]}]}],"resetBadge":[{"__symbolic":"method","decorators":[{"__symbolic":"call","expression":{"__symbolic":"reference","module":"@ionic-native/core","name":"Cordova","line":168,"character":3},"arguments":[{"sync":true,"platforms":["iOS"]}]}]}],"setDebugModeFromIos":[{"__symbolic":"method","decorators":[{"__symbolic":"call","expression":{"__symbolic":"reference","module":"@ionic-native/core","name":"Cordova","line":174,"character":3},"arguments":[{"sync":true,"platforms":["iOS"]}]}]}],"setLogOFF":[{"__symbolic":"method","decorators":[{"__symbolic":"call","expression":{"__symbolic":"reference","module":"@ionic-native/core","name":"Cordova","line":180,"character":3},"arguments":[{"sync":true,"platforms":["iOS"]}]}]}],"setCrashLogON":[{"__symbolic":"method","decorators":[{"__symbolic":"call","expression":{"__symbolic":"reference","module":"@ionic-native/core","name":"Cordova","line":186,"character":3},"arguments":[{"sync":true,"platforms":["iOS"]}]}]}],"clearAllLocalNotifications":[{"__symbolic":"method","decorators":[{"__symbolic":"call","expression":{"__symbolic":"reference","module":"@ionic-native/core","name":"Cordova","line":192,"character":3},"arguments":[{"sync":true,"platforms":["iOS"]}]}]}],"setLocation":[{"__symbolic":"method","decorators":[{"__symbolic":"call","expression":{"__symbolic":"reference","module":"@ionic-native/core","name":"Cordova","line":198,"character":3},"arguments":[{"sync":true,"platforms":["iOS"]}]}]}],"startLogPageView":[{"__symbolic":"method","decorators":[{"__symbolic":"call","expression":{"__symbolic":"reference","module":"@ionic-native/core","name":"Cordova","line":204,"character":3},"arguments":[{"sync":true,"platforms":["iOS"]}]}]}],"stopLogPageView":[{"__symbolic":"method","decorators":[{"__symbolic":"call","expression":{"__symbolic":"reference","module":"@ionic-native/core","name":"Cordova","line":210,"character":3},"arguments":[{"sync":true,"platforms":["iOS"]}]}]}],"setApplicationIconBadgeNumber":[{"__symbolic":"method","decorators":[{"__symbolic":"call","expression":{"__symbolic":"reference","module":"@ionic-native/core","name":"Cordova","line":216,"character":3},"arguments":[{"sync":true,"platforms":["iOS"]}]}]}],"getApplicationIconBadgeNumber":[{"__symbolic":"method","decorators":[{"__symbolic":"call","expression":{"__symbolic":"reference","module":"@ionic-native/core","name":"Cordova","line":222,"character":3},"arguments":[{"platforms":["iOS"]}]}]}],"getConnectionState":[{"__symbolic":"method","decorators":[{"__symbolic":"call","expression":{"__symbolic":"reference","module":"@ionic-native/core","name":"Cordova","line":229,"character":3},"arguments":[{"platforms":["Android"]}]}]}],"setBasicPushNotificationBuilder":[{"__symbolic":"method","decorators":[{"__symbolic":"call","expression":{"__symbolic":"reference","module":"@ionic-native/core","name":"Cordova","line":236,"character":3},"arguments":[{"platforms":["Android"]}]}]}],"clearAllNotification":[{"__symbolic":"method","decorators":[{"__symbolic":"call","expression":{"__symbolic":"reference","module":"@ionic-native/core","name":"Cordova","line":243,"character":3},"arguments":[{"platforms":["Android"]}]}]}],"clearNotificationById":[{"__symbolic":"method","decorators":[{"__symbolic":"call","expression":{"__symbolic":"reference","module":"@ionic-native/core","name":"Cordova","line":248,"character":3},"arguments":[{"platforms":["Android"]}]}]}]}}}}]