[{"__symbolic":"module","version":4,"metadata":{"GetLanguageType":{"__symbolic":"class","extends":{"__symbolic":"reference","module":"@ionic-native/core","name":"IonicNativePlugin","line":15,"character":37},"decorators":[{"__symbolic":"call","expression":{"__symbolic":"reference","module":"@ionic-native/core","name":"Plugin","line":3,"character":1},"arguments":[{"pluginName":"GetLanguageType","plugin":"com.exe.CDVGetLanuageType","pluginRef":"exe.GetLanuageType","repo":"http://192.168.30.8:10080/exe-front/cordova-plugins/tree/master/com.exe.CDVGetLanuageType","install":"","installVariables":[],"platforms":["iOS"]}]},{"__symbolic":"call","expression":{"__symbolic":"reference","module":"@angular/core","name":"Injectable","line":14,"character":1}}],"members":{"checktype":[{"__symbolic":"method","decorators":[{"__symbolic":"call","expression":{"__symbolic":"reference","module":"@ionic-native/core","name":"Cordova","line":16,"character":3}}]}]}}}}]