[{"__symbolic":"module","version":4,"metadata":{"ScreenShotResponse":{"__symbolic":"interface"},"ScreenShot":{"__symbolic":"class","extends":{"__symbolic":"reference","module":"@ionic-native/core","name":"IonicNativePlugin","line":23,"character":32},"decorators":[{"__symbolic":"call","expression":{"__symbolic":"reference","module":"@ionic-native/core","name":"Plugin","line":10,"character":1},"arguments":[{"pluginName":"ScreenShot","plugin":"com.xmexe.exe.ScreenShot.ScreenShot","pluginRef":"exe.ScreenShot","repo":"http://192.168.30.8:10080/exe-front/cordova-plugins/tree/ios/cordova-plugin-screenshot","install":"cordova plugin add http://192.168.30.8:10080/exe-front/cordova-plugins.git#ios:cordova-plugin-screenshot --nofetch","installVariables":[],"platforms":["Android","iOS"]}]},{"__symbolic":"call","expression":{"__symbolic":"reference","module":"@angular/core","name":"Injectable","line":22,"character":1}}],"members":{"onScreenShot":[{"__symbolic":"method","decorators":[{"__symbolic":"call","expression":{"__symbolic":"reference","module":"@ionic-native/core","name":"Cordova","line":24,"character":3},"arguments":[{"eventObservable":true,"event":"screenshot"}]}]}]}}}}]