{"moduleName":null,"summaries":[{"symbol":{"__symbol":0,"members":[]},"metadata":{"SESSION":0,"TIMELINE":1,"FAVORITE":2}},{"symbol":{"__symbol":1,"members":[]},"metadata":{"APP":1,"EMOTION":2,"FILE":3,"IMAGE":4,"MUSIC":5,"VIDEO":6,"WEBPAGE":7}},{"symbol":{"__symbol":2,"members":[]},"metadata":{"__symbolic":"interface"}},{"symbol":{"__symbol":3,"members":[]},"metadata":{"__symbolic":"interface"}},{"symbol":{"__symbol":4,"members":[]},"metadata":{"__symbolic":"interface"}},{"symbol":{"__symbol":5,"members":[]},"metadata":{"__symbolic":"interface"}},{"symbol":{"__symbol":6,"members":[]},"metadata":{"__symbolic":"interface"}},{"symbol":{"__symbol":7,"members":[]},"metadata":{"__symbolic":"interface"}},{"symbol":{"__symbol":8,"members":[]},"metadata":{"__symbolic":"class","extends":{"__symbolic":"resolved","symbol":{"__symbol":9,"members":[]},"line":80,"character":28,"fileName":"src\\@ionic-native\\plugins\\wechat\\index.ts"},"members":{"isInstalled":[{"__symbolic":"method","decorators":[{"__symbolic":"call","expression":{"__symbolic":"resolved","symbol":{"__symbol":10,"members":[]},"line":100,"character":3,"fileName":"src\\@ionic-native\\plugins\\wechat\\index.ts"}}]}],"share":[{"__symbolic":"method","decorators":[{"__symbolic":"call","expression":{"__symbolic":"resolved","symbol":{"__symbol":10,"members":[]},"line":106,"character":3,"fileName":"src\\@ionic-native\\plugins\\wechat\\index.ts"}}]}],"openMiniProgram":[{"__symbolic":"method","decorators":[{"__symbolic":"call","expression":{"__symbolic":"resolved","symbol":{"__symbol":10,"members":[]},"line":112,"character":3,"fileName":"src\\@ionic-native\\plugins\\wechat\\index.ts"}}]}],"auth":[{"__symbolic":"method","decorators":[{"__symbolic":"call","expression":{"__symbolic":"resolved","symbol":{"__symbol":10,"members":[]},"line":118,"character":3,"fileName":"src\\@ionic-native\\plugins\\wechat\\index.ts"}}]}],"sendPaymentRequest":[{"__symbolic":"method","decorators":[{"__symbolic":"call","expression":{"__symbolic":"resolved","symbol":{"__symbol":10,"members":[]},"line":124,"character":3,"fileName":"src\\@ionic-native\\plugins\\wechat\\index.ts"}}]}],"jumpToBizProfile":[{"__symbolic":"method","decorators":[{"__symbolic":"call","expression":{"__symbolic":"resolved","symbol":{"__symbol":10,"members":[]},"line":130,"character":3,"fileName":"src\\@ionic-native\\plugins\\wechat\\index.ts"}}]}],"jumpToWechat":[{"__symbolic":"method","decorators":[{"__symbolic":"call","expression":{"__symbolic":"resolved","symbol":{"__symbol":10,"members":[]},"line":136,"character":3,"fileName":"src\\@ionic-native\\plugins\\wechat\\index.ts"}}]}]}},"type":{"summaryKind":3,"type":{"reference":{"__symbol":8,"members":[]},"diDeps":[],"lifecycleHooks":[]}}}],"symbols":[{"__symbol":0,"name":"Scene","filePath":"./index"},{"__symbol":1,"name":"Type","filePath":"./index"},{"__symbol":2,"name":"MediaType","filePath":"./index"},{"__symbol":3,"name":"ShareMessageOptions","filePath":"./index"},{"__symbol":4,"name":"ShareOptions","filePath":"./index"},{"__symbol":5,"name":"WXOpenMiniProgram","filePath":"./index"},{"__symbol":6,"name":"PaymentRequestOptions","filePath":"./index"},{"__symbol":7,"name":"JumpToBizProfileOptions","filePath":"./index"},{"__symbol":8,"name":"WeChat","filePath":"./index"},{"__symbol":9,"name":"IonicNativePlugin","filePath":"../../../../dist/@ionic-native/core/index"},{"__symbol":10,"name":"Cordova","filePath":"../../../../dist/@ionic-native/core/index"}]}