[{"__symbolic":"module","version":4,"metadata":{"Scene":{"SESSION":0,"TIMELINE":1,"FAVORITE":2},"Type":{"APP":1,"EMOTION":2,"FILE":3,"IMAGE":4,"MUSIC":5,"VIDEO":6,"WEBPAGE":7},"MediaType":{"__symbolic":"interface"},"ShareMessageOptions":{"__symbolic":"interface"},"ShareOptions":{"__symbolic":"interface"},"WXOpenMiniProgram":{"__symbolic":"interface"},"PaymentRequestOptions":{"__symbolic":"interface"},"JumpToBizProfileOptions":{"__symbolic":"interface"},"WeChat":{"__symbolic":"class","extends":{"__symbolic":"reference","module":"@ionic-native/core","name":"IonicNativePlugin","line":80,"character":28},"decorators":[{"__symbolic":"call","expression":{"__symbolic":"reference","module":"@ionic-native/core","name":"Plugin","line":68,"character":1},"arguments":[{"pluginName":"WeChat","plugin":"cordova-plugin-wechat","pluginRef":"exe.Wechat","repo":"https://github.com/xu-li/cordova-plugin-wechat","install":"cordova plugin add cordova-plugin-wechat --variable wechatappid=YOUR_WECHAT_APPID","installVariables":["wechatappid"],"platforms":["Android","iOS"]}]},{"__symbolic":"call","expression":{"__symbolic":"reference","module":"@angular/core","name":"Injectable","line":79,"character":1}}],"members":{"isInstalled":[{"__symbolic":"method","decorators":[{"__symbolic":"call","expression":{"__symbolic":"reference","module":"@ionic-native/core","name":"Cordova","line":100,"character":3}}]}],"share":[{"__symbolic":"method","decorators":[{"__symbolic":"call","expression":{"__symbolic":"reference","module":"@ionic-native/core","name":"Cordova","line":106,"character":3}}]}],"openMiniProgram":[{"__symbolic":"method","decorators":[{"__symbolic":"call","expression":{"__symbolic":"reference","module":"@ionic-native/core","name":"Cordova","line":112,"character":3}}]}],"auth":[{"__symbolic":"method","decorators":[{"__symbolic":"call","expression":{"__symbolic":"reference","module":"@ionic-native/core","name":"Cordova","line":118,"character":3}}]}],"sendPaymentRequest":[{"__symbolic":"method","decorators":[{"__symbolic":"call","expression":{"__symbolic":"reference","module":"@ionic-native/core","name":"Cordova","line":124,"character":3}}]}],"jumpToBizProfile":[{"__symbolic":"method","decorators":[{"__symbolic":"call","expression":{"__symbolic":"reference","module":"@ionic-native/core","name":"Cordova","line":130,"character":3}}]}],"jumpToWechat":[{"__symbolic":"method","decorators":[{"__symbolic":"call","expression":{"__symbolic":"reference","module":"@ionic-native/core","name":"Cordova","line":136,"character":3}}]}]}}}}]