{"moduleName":null,"summaries":[{"symbol":{"__symbol":0,"members":[]},"metadata":{"__symbolic":"interface"}},{"symbol":{"__symbol":1,"members":[]},"metadata":{"__symbolic":"interface"}},{"symbol":{"__symbol":2,"members":[]},"metadata":{"__symbolic":"class","extends":{"__symbolic":"resolved","symbol":{"__symbol":3,"members":[]},"line":24,"character":31,"fileName":"src\\@ionic-native\\plugins\\stores-map\\index.ts"},"members":{"openStoresMap":[{"__symbolic":"method","decorators":[{"__symbolic":"call","expression":{"__symbolic":"resolved","symbol":{"__symbol":4,"members":[]},"line":25,"character":3,"fileName":"src\\@ionic-native\\plugins\\stores-map\\index.ts"}}]}],"enterStoresMapBack":[{"__symbolic":"method","decorators":[{"__symbolic":"call","expression":{"__symbolic":"resolved","symbol":{"__symbol":4,"members":[]},"line":30,"character":3,"fileName":"src\\@ionic-native\\plugins\\stores-map\\index.ts"}}]}],"routeMapPath":[{"__symbolic":"method","decorators":[{"__symbolic":"call","expression":{"__symbolic":"resolved","symbol":{"__symbol":4,"members":[]},"line":35,"character":3,"fileName":"src\\@ionic-native\\plugins\\stores-map\\index.ts"},"arguments":[{"sync":true}]}]}]}},"type":{"summaryKind":3,"type":{"reference":{"__symbol":2,"members":[]},"diDeps":[],"lifecycleHooks":[]}}}],"symbols":[{"__symbol":0,"name":"SimpleLocation","filePath":"./index"},{"__symbol":1,"name":"StoresMapResult","filePath":"./index"},{"__symbol":2,"name":"StoresMap","filePath":"./index"},{"__symbol":3,"name":"IonicNativePlugin","filePath":"../../../../dist/@ionic-native/core/index"},{"__symbol":4,"name":"Cordova","filePath":"../../../../dist/@ionic-native/core/index"}]}