[{"__symbolic":"module","version":4,"metadata":{"SimpleLocation":{"__symbolic":"interface"},"StoresMapResult":{"__symbolic":"interface"},"StoresMap":{"__symbolic":"class","extends":{"__symbolic":"reference","module":"@ionic-native/core","name":"IonicNativePlugin","line":24,"character":31},"decorators":[{"__symbolic":"call","expression":{"__symbolic":"reference","module":"@ionic-native/core","name":"Plugin","line":13,"character":1},"arguments":[{"pluginName":"CDVStoresMap","plugin":"com.exe.CDVStoresMap","pluginRef":"exe.StoresMap","repo":"","install":"","installVariables":[],"platforms":["Android","iOS"]}]},{"__symbolic":"call","expression":{"__symbolic":"reference","module":"@angular/core","name":"Injectable","line":23,"character":1}}],"members":{"openStoresMap":[{"__symbolic":"method","decorators":[{"__symbolic":"call","expression":{"__symbolic":"reference","module":"@ionic-native/core","name":"Cordova","line":25,"character":3}}]}],"enterStoresMapBack":[{"__symbolic":"method","decorators":[{"__symbolic":"call","expression":{"__symbolic":"reference","module":"@ionic-native/core","name":"Cordova","line":30,"character":3}}]}],"routeMapPath":[{"__symbolic":"method","decorators":[{"__symbolic":"call","expression":{"__symbolic":"reference","module":"@ionic-native/core","name":"Cordova","line":35,"character":3},"arguments":[{"sync":true}]}]}]}}}}]