{"moduleName":null,"summaries":[{"symbol":{"__symbol":0,"members":[]},"metadata":{"__symbolic":"interface"}},{"symbol":{"__symbol":1,"members":[]},"metadata":{"__symbolic":"interface"}},{"symbol":{"__symbol":2,"members":[]},"metadata":{"__symbolic":"class","extends":{"__symbolic":"resolved","symbol":{"__symbol":3,"members":[]},"line":65,"character":39,"fileName":"src\\@ionic-native\\plugins\\streaming-media\\index.ts"},"members":{"playVideo":[{"__symbolic":"method","decorators":[{"__symbolic":"call","expression":{"__symbolic":"resolved","symbol":{"__symbol":4,"members":[]},"line":71,"character":3,"fileName":"src\\@ionic-native\\plugins\\streaming-media\\index.ts"},"arguments":[{"sync":true}]}]}],"playAudio":[{"__symbolic":"method","decorators":[{"__symbolic":"call","expression":{"__symbolic":"resolved","symbol":{"__symbol":4,"members":[]},"line":79,"character":3,"fileName":"src\\@ionic-native\\plugins\\streaming-media\\index.ts"},"arguments":[{"sync":true}]}]}],"stopVideo":[{"__symbolic":"method","decorators":[{"__symbolic":"call","expression":{"__symbolic":"resolved","symbol":{"__symbol":4,"members":[]},"line":85,"character":3,"fileName":"src\\@ionic-native\\plugins\\streaming-media\\index.ts"},"arguments":[{"sync":true}]}]}],"onBufferingUpdate":[{"__symbolic":"method","decorators":[{"__symbolic":"call","expression":{"__symbolic":"resolved","symbol":{"__symbol":4,"members":[]},"line":94,"character":3,"fileName":"src\\@ionic-native\\plugins\\streaming-media\\index.ts"},"arguments":[{"sync":true}]}]}],"stopAudio":[{"__symbolic":"method","decorators":[{"__symbolic":"call","expression":{"__symbolic":"resolved","symbol":{"__symbol":4,"members":[]},"line":102,"character":3,"fileName":"src\\@ionic-native\\plugins\\streaming-media\\index.ts"},"arguments":[{"sync":true}]}]}],"pauseAudio":[{"__symbolic":"method","decorators":[{"__symbolic":"call","expression":{"__symbolic":"resolved","symbol":{"__symbol":4,"members":[]},"line":108,"character":3,"fileName":"src\\@ionic-native\\plugins\\streaming-media\\index.ts"},"arguments":[{"sync":true,"platforms":["iOS"]}]}]}],"resumeAudio":[{"__symbolic":"method","decorators":[{"__symbolic":"call","expression":{"__symbolic":"resolved","symbol":{"__symbol":4,"members":[]},"line":114,"character":3,"fileName":"src\\@ionic-native\\plugins\\streaming-media\\index.ts"},"arguments":[{"sync":true,"platforms":["iOS"]}]}]}]}},"type":{"summaryKind":3,"type":{"reference":{"__symbol":2,"members":[]},"diDeps":[],"lifecycleHooks":[]}}}],"symbols":[{"__symbol":0,"name":"StreamingVideoOptions","filePath":"./index"},{"__symbol":1,"name":"StreamingAudioOptions","filePath":"./index"},{"__symbol":2,"name":"NativeMediaPlayer","filePath":"./index"},{"__symbol":3,"name":"IonicNativePlugin","filePath":"../../../../dist/@ionic-native/core/index"},{"__symbol":4,"name":"Cordova","filePath":"../../../../dist/@ionic-native/core/index"}]}