[{"__symbolic":"module","version":4,"metadata":{"StreamingVideoOptions":{"__symbolic":"interface"},"StreamingAudioOptions":{"__symbolic":"interface"},"NativeMediaPlayer":{"__symbolic":"class","extends":{"__symbolic":"reference","module":"@ionic-native/core","name":"IonicNativePlugin","line":65,"character":39},"decorators":[{"__symbolic":"call","expression":{"__symbolic":"reference","module":"@ionic-native/core","name":"Plugin","line":56,"character":1},"arguments":[{"pluginName":"StreamingMedia","plugin":"cordova-plugin-streaming-media","pluginRef":"exe.NativeMediaPlayer","repo":"https://github.com/nchutchind/cordova-plugin-streaming-media","platforms":["Amazon Fire OS","Android","iOS"]}]},{"__symbolic":"call","expression":{"__symbolic":"reference","module":"@angular/core","name":"Injectable","line":64,"character":1}}],"members":{"playVideo":[{"__symbolic":"method","decorators":[{"__symbolic":"call","expression":{"__symbolic":"reference","module":"@ionic-native/core","name":"Cordova","line":71,"character":3},"arguments":[{"sync":true}]}]}],"playAudio":[{"__symbolic":"method","decorators":[{"__symbolic":"call","expression":{"__symbolic":"reference","module":"@ionic-native/core","name":"Cordova","line":79,"character":3},"arguments":[{"sync":true}]}]}],"stopVideo":[{"__symbolic":"method","decorators":[{"__symbolic":"call","expression":{"__symbolic":"reference","module":"@ionic-native/core","name":"Cordova","line":85,"character":3},"arguments":[{"sync":true}]}]}],"onBufferingUpdate":[{"__symbolic":"method","decorators":[{"__symbolic":"call","expression":{"__symbolic":"reference","module":"@ionic-native/core","name":"Cordova","line":94,"character":3},"arguments":[{"sync":true}]}]}],"stopAudio":[{"__symbolic":"method","decorators":[{"__symbolic":"call","expression":{"__symbolic":"reference","module":"@ionic-native/core","name":"Cordova","line":102,"character":3},"arguments":[{"sync":true}]}]}],"pauseAudio":[{"__symbolic":"method","decorators":[{"__symbolic":"call","expression":{"__symbolic":"reference","module":"@ionic-native/core","name":"Cordova","line":108,"character":3},"arguments":[{"sync":true,"platforms":["iOS"]}]}]}],"resumeAudio":[{"__symbolic":"method","decorators":[{"__symbolic":"call","expression":{"__symbolic":"reference","module":"@ionic-native/core","name":"Cordova","line":114,"character":3},"arguments":[{"sync":true,"platforms":["iOS"]}]}]}]}}}}]