[{"__symbolic":"module","version":4,"metadata":{"Keyboard":{"__symbolic":"class","extends":{"__symbolic":"reference","module":"@ionic-native/core","name":"IonicNativePlugin","line":34,"character":30},"decorators":[{"__symbolic":"call","expression":{"__symbolic":"reference","module":"@ionic-native/core","name":"Plugin","line":25,"character":1},"arguments":[{"pluginName":"Keyboard","plugin":"ionic-plugin-keyboard","pluginRef":"exe.Keyboard","repo":"https://github.com/ionic-team/ionic-plugin-keyboard","platforms":["Android","BlackBerry 10","iOS","Windows"]}]},{"__symbolic":"call","expression":{"__symbolic":"reference","module":"@angular/core","name":"Injectable","line":33,"character":1}}],"members":{"hideKeyboardAccessoryBar":[{"__symbolic":"method","decorators":[{"__symbolic":"call","expression":{"__symbolic":"reference","module":"@ionic-native/core","name":"Cordova","line":40,"character":3},"arguments":[{"sync":true}]}]}],"show":[{"__symbolic":"method","decorators":[{"__symbolic":"call","expression":{"__symbolic":"reference","module":"@ionic-native/core","name":"Cordova","line":46,"character":3},"arguments":[{"sync":true,"platforms":["Android","BlackBerry 10","Windows"]}]}]}],"close":[{"__symbolic":"method","decorators":[{"__symbolic":"call","expression":{"__symbolic":"reference","module":"@ionic-native/core","name":"Cordova","line":55,"character":3},"arguments":[{"sync":true,"platforms":["iOS","Android","BlackBerry 10","Windows"]}]}]}],"disableScroll":[{"__symbolic":"method","decorators":[{"__symbolic":"call","expression":{"__symbolic":"reference","module":"@ionic-native/core","name":"Cordova","line":65,"character":3},"arguments":[{"sync":true,"platforms":["iOS","Windows"]}]}]}],"onKeyboardShow":[{"__symbolic":"method","decorators":[{"__symbolic":"call","expression":{"__symbolic":"reference","module":"@ionic-native/core","name":"Cordova","line":75,"character":3},"arguments":[{"eventObservable":true,"event":"native.keyboardshow","platforms":["iOS","Android","BlackBerry 10","Windows"]}]}]}],"onKeyboardHide":[{"__symbolic":"method","decorators":[{"__symbolic":"call","expression":{"__symbolic":"reference","module":"@ionic-native/core","name":"Cordova","line":86,"character":3},"arguments":[{"eventObservable":true,"event":"native.keyboardhide","platforms":["iOS","Android","BlackBerry 10","Windows"]}]}]}]}}}}]