{"moduleName":null,"summaries":[{"symbol":{"__symbol":0,"members":[]},"metadata":{"__symbolic":"class","extends":{"__symbolic":"resolved","symbol":{"__symbol":1,"members":[]},"line":34,"character":30,"fileName":"src\\@ionic-native\\plugins\\keyboard\\index.ts"},"members":{"hideKeyboardAccessoryBar":[{"__symbolic":"method","decorators":[{"__symbolic":"call","expression":{"__symbolic":"resolved","symbol":{"__symbol":2,"members":[]},"line":40,"character":3,"fileName":"src\\@ionic-native\\plugins\\keyboard\\index.ts"},"arguments":[{"sync":true}]}]}],"show":[{"__symbolic":"method","decorators":[{"__symbolic":"call","expression":{"__symbolic":"resolved","symbol":{"__symbol":2,"members":[]},"line":46,"character":3,"fileName":"src\\@ionic-native\\plugins\\keyboard\\index.ts"},"arguments":[{"sync":true,"platforms":["Android","BlackBerry 10","Windows"]}]}]}],"close":[{"__symbolic":"method","decorators":[{"__symbolic":"call","expression":{"__symbolic":"resolved","symbol":{"__symbol":2,"members":[]},"line":55,"character":3,"fileName":"src\\@ionic-native\\plugins\\keyboard\\index.ts"},"arguments":[{"sync":true,"platforms":["iOS","Android","BlackBerry 10","Windows"]}]}]}],"disableScroll":[{"__symbolic":"method","decorators":[{"__symbolic":"call","expression":{"__symbolic":"resolved","symbol":{"__symbol":2,"members":[]},"line":65,"character":3,"fileName":"src\\@ionic-native\\plugins\\keyboard\\index.ts"},"arguments":[{"sync":true,"platforms":["iOS","Windows"]}]}]}],"onKeyboardShow":[{"__symbolic":"method","decorators":[{"__symbolic":"call","expression":{"__symbolic":"resolved","symbol":{"__symbol":2,"members":[]},"line":75,"character":3,"fileName":"src\\@ionic-native\\plugins\\keyboard\\index.ts"},"arguments":[{"eventObservable":true,"event":"native.keyboardshow","platforms":["iOS","Android","BlackBerry 10","Windows"]}]}]}],"onKeyboardHide":[{"__symbolic":"method","decorators":[{"__symbolic":"call","expression":{"__symbolic":"resolved","symbol":{"__symbol":2,"members":[]},"line":86,"character":3,"fileName":"src\\@ionic-native\\plugins\\keyboard\\index.ts"},"arguments":[{"eventObservable":true,"event":"native.keyboardhide","platforms":["iOS","Android","BlackBerry 10","Windows"]}]}]}]}},"type":{"summaryKind":3,"type":{"reference":{"__symbol":0,"members":[]},"diDeps":[],"lifecycleHooks":[]}}}],"symbols":[{"__symbol":0,"name":"Keyboard","filePath":"./index"},{"__symbol":1,"name":"IonicNativePlugin","filePath":"../../../../dist/@ionic-native/core/index"},{"__symbol":2,"name":"Cordova","filePath":"../../../../dist/@ionic-native/core/index"}]}