[{"__symbolic":"module","version":4,"metadata":{"SplashScreen":{"__symbolic":"class","extends":{"__symbolic":"reference","module":"@ionic-native/core","name":"IonicNativePlugin","line":29,"character":34},"decorators":[{"__symbolic":"call","expression":{"__symbolic":"reference","module":"@ionic-native/core","name":"Plugin","line":20,"character":1},"arguments":[{"pluginName":"SplashScreen","plugin":"cordova-plugin-splashscreen","pluginRef":"exe.SplashScreen","repo":"https://github.com/apache/cordova-plugin-splashscreen","platforms":["Amazon Fire OS","Android","iOS","Windows"]}]},{"__symbolic":"call","expression":{"__symbolic":"reference","module":"@angular/core","name":"Injectable","line":28,"character":1}}],"members":{"show":[{"__symbolic":"method","decorators":[{"__symbolic":"call","expression":{"__symbolic":"reference","module":"@ionic-native/core","name":"Cordova","line":34,"character":3},"arguments":[{"sync":true}]}]}],"hide":[{"__symbolic":"method","decorators":[{"__symbolic":"call","expression":{"__symbolic":"reference","module":"@ionic-native/core","name":"Cordova","line":42,"character":3},"arguments":[{"sync":true}]}]}]}}}}]