{"moduleName":null,"summaries":[{"symbol":{"__symbol":0,"members":[]},"metadata":{"UNKNOWN":0,"ETHERNET":1,"WIFI":2,"CELL_2G":3,"CELL_3G":4,"CELL_4G":5,"CELL":6,"NONE":7}},{"symbol":{"__symbol":1,"members":[]},"metadata":{"__symbolic":"class","extends":{"__symbolic":"resolved","symbol":{"__symbol":2,"members":[]},"line":75,"character":29,"fileName":"src\\@ionic-native\\plugins\\network\\index.ts"},"members":{"type":[{"__symbolic":"property","decorators":[{"__symbolic":"resolved","symbol":{"__symbol":3,"members":[]},"line":95,"character":3,"fileName":"src\\@ionic-native\\plugins\\network\\index.ts"}]}],"downlinkMax":[{"__symbolic":"property","decorators":[{"__symbolic":"resolved","symbol":{"__symbol":3,"members":[]},"line":101,"character":3,"fileName":"src\\@ionic-native\\plugins\\network\\index.ts"}]}],"onchange":[{"__symbolic":"method","decorators":[{"__symbolic":"call","expression":{"__symbolic":"resolved","symbol":{"__symbol":4,"members":[]},"line":107,"character":3,"fileName":"src\\@ionic-native\\plugins\\network\\index.ts"}}]}],"onDisconnect":[{"__symbolic":"method","decorators":[{"__symbolic":"call","expression":{"__symbolic":"resolved","symbol":{"__symbol":5,"members":[]},"line":116,"character":3,"fileName":"src\\@ionic-native\\plugins\\network\\index.ts"},"arguments":[{"eventObservable":true,"event":"offline"}]}]}],"onConnect":[{"__symbolic":"method","decorators":[{"__symbolic":"call","expression":{"__symbolic":"resolved","symbol":{"__symbol":5,"members":[]},"line":129,"character":3,"fileName":"src\\@ionic-native\\plugins\\network\\index.ts"},"arguments":[{"eventObservable":true,"event":"online"}]}]}]}},"type":{"summaryKind":3,"type":{"reference":{"__symbol":1,"members":[]},"diDeps":[],"lifecycleHooks":[]}}}],"symbols":[{"__symbol":0,"name":"Connection","filePath":"./index"},{"__symbol":1,"name":"Network","filePath":"./index"},{"__symbol":2,"name":"IonicNativePlugin","filePath":"../../../../dist/@ionic-native/core/index"},{"__symbol":3,"name":"CordovaProperty","filePath":"../../../../dist/@ionic-native/core/index"},{"__symbol":4,"name":"CordovaCheck","filePath":"../../../../dist/@ionic-native/core/index"},{"__symbol":5,"name":"Cordova","filePath":"../../../../dist/@ionic-native/core/index"}]}