[{"__symbolic":"module","version":4,"metadata":{"Connection":{"UNKNOWN":0,"ETHERNET":1,"WIFI":2,"CELL_2G":3,"CELL_3G":4,"CELL_4G":5,"CELL":6,"NONE":7},"Network":{"__symbolic":"class","extends":{"__symbolic":"reference","module":"@ionic-native/core","name":"IonicNativePlugin","line":75,"character":29},"decorators":[{"__symbolic":"call","expression":{"__symbolic":"reference","module":"@ionic-native/core","name":"Plugin","line":66,"character":1},"arguments":[{"pluginName":"Network","plugin":"cordova-plugin-network-information","pluginRef":"exe.Network","repo":"https://github.com/apache/cordova-plugin-network-information","platforms":["Amazon Fire OS","Android","Browser","iOS","Windows"]}]},{"__symbolic":"call","expression":{"__symbolic":"reference","module":"@angular/core","name":"Injectable","line":74,"character":1}}],"members":{"type":[{"__symbolic":"property","decorators":[{"__symbolic":"reference","module":"@ionic-native/core","name":"CordovaProperty","line":95,"character":3}]}],"downlinkMax":[{"__symbolic":"property","decorators":[{"__symbolic":"reference","module":"@ionic-native/core","name":"CordovaProperty","line":101,"character":3}]}],"onchange":[{"__symbolic":"method","decorators":[{"__symbolic":"call","expression":{"__symbolic":"reference","module":"@ionic-native/core","name":"CordovaCheck","line":107,"character":3}}]}],"onDisconnect":[{"__symbolic":"method","decorators":[{"__symbolic":"call","expression":{"__symbolic":"reference","module":"@ionic-native/core","name":"Cordova","line":116,"character":3},"arguments":[{"eventObservable":true,"event":"offline","element":{"__symbolic":"reference","name":"document"}}]}]}],"onConnect":[{"__symbolic":"method","decorators":[{"__symbolic":"call","expression":{"__symbolic":"reference","module":"@ionic-native/core","name":"Cordova","line":129,"character":3},"arguments":[{"eventObservable":true,"event":"online","element":{"__symbolic":"reference","name":"document"}}]}]}]}}}}]