[{"__symbolic":"module","version":4,"metadata":{"SpeechRecognition":{"__symbolic":"class","extends":{"__symbolic":"reference","module":"@ionic-native/core","name":"IonicNativePlugin","line":13,"character":39},"decorators":[{"__symbolic":"call","expression":{"__symbolic":"reference","module":"@ionic-native/core","name":"Plugin","line":3,"character":1},"arguments":[{"pluginName":"SpeechRecognition","plugin":"com.exe.CDVRecognition","pluginRef":"exe.SpeechRecognition","repo":"","install":"","installVariables":[],"platforms":["Android","iOS"]}]},{"__symbolic":"call","expression":{"__symbolic":"reference","module":"@angular/core","name":"Injectable","line":12,"character":1}}],"members":{"recognition":[{"__symbolic":"method","decorators":[{"__symbolic":"call","expression":{"__symbolic":"reference","module":"@ionic-native/core","name":"Cordova","line":14,"character":3},"arguments":[{"callbackOrder":"reverse"}]}]}]}}}}]