[{"__symbolic":"module","version":4,"metadata":{"Secure":{"__symbolic":"class","extends":{"__symbolic":"reference","module":"@ionic-native/core","name":"IonicNativePlugin","line":14,"character":28},"decorators":[{"__symbolic":"call","expression":{"__symbolic":"reference","module":"@ionic-native/core","name":"Plugin","line":3,"character":1},"arguments":[{"pluginName":"CDVSecure","plugin":"com.exe.CDVSecure","pluginRef":"exe.Secure","repo":"","install":"","installVariables":[],"platforms":["Android"]}]},{"__symbolic":"call","expression":{"__symbolic":"reference","module":"@angular/core","name":"Injectable","line":13,"character":1}}],"members":{"setScreenShots":[{"__symbolic":"method","decorators":[{"__symbolic":"call","expression":{"__symbolic":"reference","module":"@ionic-native/core","name":"Cordova","line":15,"character":3},"arguments":[{"sync":true}]}]}]}}}}]