[{"__symbolic":"module","version":4,"metadata":{"DualMessageChannel":{"__symbolic":"class","extends":{"__symbolic":"reference","module":"@ionic-native/core","name":"IonicNativePlugin","line":14,"character":40},"decorators":[{"__symbolic":"call","expression":{"__symbolic":"reference","module":"@ionic-native/core","name":"Plugin","line":3,"character":1},"arguments":[{"pluginName":"dualMessageChannel","plugin":"com.exe.CDVDualMessageChannel","pluginRef":"exe.DualMessageChannel","repo":"","install":"","installVariables":[],"platforms":["Android","iOS"]}]},{"__symbolic":"call","expression":{"__symbolic":"reference","module":"@angular/core","name":"Injectable","line":13,"character":1}}],"members":{"postMessage":[{"__symbolic":"method","decorators":[{"__symbolic":"call","expression":{"__symbolic":"reference","module":"@ionic-native/core","name":"Cordova","line":19,"character":3}}]}]}}}}]