[{"__symbolic":"module","version":4,"metadata":{"StatusBar":{"__symbolic":"class","extends":{"__symbolic":"reference","module":"@ionic-native/core","name":"IonicNativePlugin","line":40,"character":31},"decorators":[{"__symbolic":"call","expression":{"__symbolic":"reference","module":"@ionic-native/core","name":"Plugin","line":31,"character":1},"arguments":[{"pluginName":"StatusBar","plugin":"cordova-plugin-statusbar","pluginRef":"exe.StatusBar","repo":"https://github.com/apache/cordova-plugin-statusbar","platforms":["Android","iOS","Windows"]}]},{"__symbolic":"call","expression":{"__symbolic":"reference","module":"@angular/core","name":"Injectable","line":39,"character":1}}],"members":{"overlaysWebView":[{"__symbolic":"method","decorators":[{"__symbolic":"call","expression":{"__symbolic":"reference","module":"@ionic-native/core","name":"Cordova","line":47,"character":3},"arguments":[{"sync":true}]}]}],"styleDefault":[{"__symbolic":"method","decorators":[{"__symbolic":"call","expression":{"__symbolic":"reference","module":"@ionic-native/core","name":"Cordova","line":55,"character":3},"arguments":[{"sync":true}]}]}],"styleLightContent":[{"__symbolic":"method","decorators":[{"__symbolic":"call","expression":{"__symbolic":"reference","module":"@ionic-native/core","name":"Cordova","line":63,"character":3},"arguments":[{"sync":true}]}]}],"styleBlackTranslucent":[{"__symbolic":"method","decorators":[{"__symbolic":"call","expression":{"__symbolic":"reference","module":"@ionic-native/core","name":"Cordova","line":71,"character":3},"arguments":[{"sync":true}]}]}],"styleBlackOpaque":[{"__symbolic":"method","decorators":[{"__symbolic":"call","expression":{"__symbolic":"reference","module":"@ionic-native/core","name":"Cordova","line":79,"character":3},"arguments":[{"sync":true}]}]}],"backgroundColorByName":[{"__symbolic":"method","decorators":[{"__symbolic":"call","expression":{"__symbolic":"reference","module":"@ionic-native/core","name":"Cordova","line":92,"character":3},"arguments":[{"sync":true}]}]}],"backgroundColorByHexString":[{"__symbolic":"method","decorators":[{"__symbolic":"call","expression":{"__symbolic":"reference","module":"@ionic-native/core","name":"Cordova","line":104,"character":3},"arguments":[{"sync":true}]}]}],"hide":[{"__symbolic":"method","decorators":[{"__symbolic":"call","expression":{"__symbolic":"reference","module":"@ionic-native/core","name":"Cordova","line":112,"character":3},"arguments":[{"sync":true}]}]}],"show":[{"__symbolic":"method","decorators":[{"__symbolic":"call","expression":{"__symbolic":"reference","module":"@ionic-native/core","name":"Cordova","line":120,"character":3},"arguments":[{"sync":true}]}]}],"isVisible":[{"__symbolic":"property","decorators":[{"__symbolic":"reference","module":"@ionic-native/core","name":"CordovaProperty","line":128,"character":3}]}]}}}}]