{"moduleName":null,"summaries":[{"symbol":{"__symbol":0,"members":[]},"metadata":{"__symbolic":"class","extends":{"__symbolic":"resolved","symbol":{"__symbol":1,"members":[]},"line":40,"character":31,"fileName":"src\\@ionic-native\\plugins\\status-bar\\index.ts"},"members":{"overlaysWebView":[{"__symbolic":"method","decorators":[{"__symbolic":"call","expression":{"__symbolic":"resolved","symbol":{"__symbol":2,"members":[]},"line":47,"character":3,"fileName":"src\\@ionic-native\\plugins\\status-bar\\index.ts"},"arguments":[{"sync":true}]}]}],"styleDefault":[{"__symbolic":"method","decorators":[{"__symbolic":"call","expression":{"__symbolic":"resolved","symbol":{"__symbol":2,"members":[]},"line":55,"character":3,"fileName":"src\\@ionic-native\\plugins\\status-bar\\index.ts"},"arguments":[{"sync":true}]}]}],"styleLightContent":[{"__symbolic":"method","decorators":[{"__symbolic":"call","expression":{"__symbolic":"resolved","symbol":{"__symbol":2,"members":[]},"line":63,"character":3,"fileName":"src\\@ionic-native\\plugins\\status-bar\\index.ts"},"arguments":[{"sync":true}]}]}],"styleBlackTranslucent":[{"__symbolic":"method","decorators":[{"__symbolic":"call","expression":{"__symbolic":"resolved","symbol":{"__symbol":2,"members":[]},"line":71,"character":3,"fileName":"src\\@ionic-native\\plugins\\status-bar\\index.ts"},"arguments":[{"sync":true}]}]}],"styleBlackOpaque":[{"__symbolic":"method","decorators":[{"__symbolic":"call","expression":{"__symbolic":"resolved","symbol":{"__symbol":2,"members":[]},"line":79,"character":3,"fileName":"src\\@ionic-native\\plugins\\status-bar\\index.ts"},"arguments":[{"sync":true}]}]}],"backgroundColorByName":[{"__symbolic":"method","decorators":[{"__symbolic":"call","expression":{"__symbolic":"resolved","symbol":{"__symbol":2,"members":[]},"line":92,"character":3,"fileName":"src\\@ionic-native\\plugins\\status-bar\\index.ts"},"arguments":[{"sync":true}]}]}],"backgroundColorByHexString":[{"__symbolic":"method","decorators":[{"__symbolic":"call","expression":{"__symbolic":"resolved","symbol":{"__symbol":2,"members":[]},"line":104,"character":3,"fileName":"src\\@ionic-native\\plugins\\status-bar\\index.ts"},"arguments":[{"sync":true}]}]}],"hide":[{"__symbolic":"method","decorators":[{"__symbolic":"call","expression":{"__symbolic":"resolved","symbol":{"__symbol":2,"members":[]},"line":112,"character":3,"fileName":"src\\@ionic-native\\plugins\\status-bar\\index.ts"},"arguments":[{"sync":true}]}]}],"show":[{"__symbolic":"method","decorators":[{"__symbolic":"call","expression":{"__symbolic":"resolved","symbol":{"__symbol":2,"members":[]},"line":120,"character":3,"fileName":"src\\@ionic-native\\plugins\\status-bar\\index.ts"},"arguments":[{"sync":true}]}]}],"isVisible":[{"__symbolic":"property","decorators":[{"__symbolic":"resolved","symbol":{"__symbol":3,"members":[]},"line":128,"character":3,"fileName":"src\\@ionic-native\\plugins\\status-bar\\index.ts"}]}]}},"type":{"summaryKind":3,"type":{"reference":{"__symbol":0,"members":[]},"diDeps":[],"lifecycleHooks":[]}}}],"symbols":[{"__symbol":0,"name":"StatusBar","filePath":"./index"},{"__symbol":1,"name":"IonicNativePlugin","filePath":"../../../../dist/@ionic-native/core/index"},{"__symbol":2,"name":"Cordova","filePath":"../../../../dist/@ionic-native/core/index"},{"__symbol":3,"name":"CordovaProperty","filePath":"../../../../dist/@ionic-native/core/index"}]}