{"moduleName":null,"summaries":[{"symbol":{"__symbol":0,"members":[]},"metadata":{"__symbolic":"interface"}},{"symbol":{"__symbol":1,"members":[]},"metadata":{"FILE_URL":0,"DATA_URL":1}},{"symbol":{"__symbol":2,"members":[]},"metadata":{"__symbolic":"class","extends":{"__symbolic":"resolved","symbol":{"__symbol":3,"members":[]},"line":76,"character":33,"fileName":"src\\@ionic-native\\plugins\\image-picker\\index.ts"},"members":{"getPictures":[{"__symbolic":"method","decorators":[{"__symbolic":"call","expression":{"__symbolic":"resolved","symbol":{"__symbol":4,"members":[]},"line":83,"character":3,"fileName":"src\\@ionic-native\\plugins\\image-picker\\index.ts"},"arguments":[{"callbackOrder":"reverse"}]}]}],"hasReadPermission":[{"__symbolic":"method","decorators":[{"__symbolic":"call","expression":{"__symbolic":"resolved","symbol":{"__symbol":4,"members":[]},"line":92,"character":3,"fileName":"src\\@ionic-native\\plugins\\image-picker\\index.ts"},"arguments":[{"platforms":["Android"]}]}]}],"requestReadPermission":[{"__symbolic":"method","decorators":[{"__symbolic":"call","expression":{"__symbolic":"resolved","symbol":{"__symbol":4,"members":[]},"line":101,"character":3,"fileName":"src\\@ionic-native\\plugins\\image-picker\\index.ts"},"arguments":[{"platforms":["Android"]}]}]}]}},"type":{"summaryKind":3,"type":{"reference":{"__symbol":2,"members":[]},"diDeps":[],"lifecycleHooks":[]}}}],"symbols":[{"__symbol":0,"name":"ImagePickerOptions","filePath":"./index"},{"__symbol":1,"name":"OutputType","filePath":"./index"},{"__symbol":2,"name":"ImagePicker","filePath":"./index"},{"__symbol":3,"name":"IonicNativePlugin","filePath":"../../../../dist/@ionic-native/core/index"},{"__symbol":4,"name":"Cordova","filePath":"../../../../dist/@ionic-native/core/index"}]}