[{"__symbolic":"module","version":4,"metadata":{"ImagePickerOptions":{"__symbolic":"interface"},"OutputType":{"FILE_URL":0,"DATA_URL":1},"ImagePicker":{"__symbolic":"class","extends":{"__symbolic":"reference","module":"@ionic-native/core","name":"IonicNativePlugin","line":76,"character":33},"decorators":[{"__symbolic":"call","expression":{"__symbolic":"reference","module":"@ionic-native/core","name":"Plugin","line":65,"character":1},"arguments":[{"pluginName":"ImagePicker","plugin":"cordova-plugin-telerik-imagepicker","pluginRef":"exe.ImagePicker","repo":"https://github.com/Telerik-Verified-Plugins/ImagePicker","install":"ionic cordova plugin add cordova-plugin-telerik-imagepicker --variable PHOTO_LIBRARY_USAGE_DESCRIPTION=\"your usage message\"","installVariables":["PHOTO_LIBRARY_USAGE_DESCRIPTION"],"platforms":["Android","iOS"]}]},{"__symbolic":"call","expression":{"__symbolic":"reference","module":"@angular/core","name":"Injectable","line":75,"character":1}}],"members":{"getPictures":[{"__symbolic":"method","decorators":[{"__symbolic":"call","expression":{"__symbolic":"reference","module":"@ionic-native/core","name":"Cordova","line":83,"character":3},"arguments":[{"callbackOrder":"reverse"}]}]}],"hasReadPermission":[{"__symbolic":"method","decorators":[{"__symbolic":"call","expression":{"__symbolic":"reference","module":"@ionic-native/core","name":"Cordova","line":92,"character":3},"arguments":[{"platforms":["Android"]}]}]}],"requestReadPermission":[{"__symbolic":"method","decorators":[{"__symbolic":"call","expression":{"__symbolic":"reference","module":"@ionic-native/core","name":"Cordova","line":101,"character":3},"arguments":[{"platforms":["Android"]}]}]}]}}}}]