[{"__symbolic":"module","version":4,"metadata":{"QRScannerStatus":{"__symbolic":"interface"},"QRScanner":{"__symbolic":"class","extends":{"__symbolic":"reference","module":"@ionic-native/core","name":"IonicNativePlugin","line":115,"character":31},"decorators":[{"__symbolic":"call","expression":{"__symbolic":"reference","module":"@ionic-native/core","name":"Plugin","line":106,"character":1},"arguments":[{"pluginName":"QRScanner","plugin":"cordova-plugin-qrscanner","pluginRef":"exe.QRScanner","repo":"https://github.com/bitpay/cordova-plugin-qrscanner","platforms":["Android","Browser","iOS","Windows"]}]},{"__symbolic":"call","expression":{"__symbolic":"reference","module":"@angular/core","name":"Injectable","line":114,"character":1}}],"members":{"prepare":[{"__symbolic":"method","decorators":[{"__symbolic":"call","expression":{"__symbolic":"reference","module":"@ionic-native/core","name":"Cordova","line":120,"character":3},"arguments":[{"callbackStyle":"node"}]}]}],"scan":[{"__symbolic":"method","decorators":[{"__symbolic":"call","expression":{"__symbolic":"reference","module":"@ionic-native/core","name":"Cordova","line":131,"character":3},"arguments":[{"callbackStyle":"node","observable":true,"clearFunction":"cancelScan"}]}]}],"show":[{"__symbolic":"method","decorators":[{"__symbolic":"call","expression":{"__symbolic":"reference","module":"@ionic-native/core","name":"Cordova","line":144,"character":3}}]}],"hide":[{"__symbolic":"method","decorators":[{"__symbolic":"call","expression":{"__symbolic":"reference","module":"@ionic-native/core","name":"Cordova","line":153,"character":3}}]}],"enableLight":[{"__symbolic":"method","decorators":[{"__symbolic":"call","expression":{"__symbolic":"reference","module":"@ionic-native/core","name":"Cordova","line":162,"character":3},"arguments":[{"callbackStyle":"node"}]}]}],"destroy":[{"__symbolic":"method","decorators":[{"__symbolic":"call","expression":{"__symbolic":"reference","module":"@ionic-native/core","name":"Cordova","line":173,"character":3}}]}],"disableLight":[{"__symbolic":"method","decorators":[{"__symbolic":"call","expression":{"__symbolic":"reference","module":"@ionic-native/core","name":"Cordova","line":182,"character":3},"arguments":[{"callbackStyle":"node"}]}]}],"useFrontCamera":[{"__symbolic":"method","decorators":[{"__symbolic":"call","expression":{"__symbolic":"reference","module":"@ionic-native/core","name":"Cordova","line":193,"character":3},"arguments":[{"callbackStyle":"node"}]}]}],"useBackCamera":[{"__symbolic":"method","decorators":[{"__symbolic":"call","expression":{"__symbolic":"reference","module":"@ionic-native/core","name":"Cordova","line":204,"character":3},"arguments":[{"callbackStyle":"node"}]}]}],"useCamera":[{"__symbolic":"method","decorators":[{"__symbolic":"call","expression":{"__symbolic":"reference","module":"@ionic-native/core","name":"Cordova","line":216,"character":3},"arguments":[{"callbackStyle":"node"}]}]}],"pausePreview":[{"__symbolic":"method","decorators":[{"__symbolic":"call","expression":{"__symbolic":"reference","module":"@ionic-native/core","name":"Cordova","line":227,"character":3}}]}],"resumePreview":[{"__symbolic":"method","decorators":[{"__symbolic":"call","expression":{"__symbolic":"reference","module":"@ionic-native/core","name":"Cordova","line":236,"character":3}}]}],"getStatus":[{"__symbolic":"method","decorators":[{"__symbolic":"call","expression":{"__symbolic":"reference","module":"@ionic-native/core","name":"Cordova","line":245,"character":3}}]}],"openSettings":[{"__symbolic":"method","decorators":[{"__symbolic":"call","expression":{"__symbolic":"reference","module":"@ionic-native/core","name":"Cordova","line":253,"character":3},"arguments":[{"sync":true}]}]}]}}}}]