{"moduleName":null,"summaries":[{"symbol":{"__symbol":0,"members":[]},"metadata":{"__symbolic":"interface"}},{"symbol":{"__symbol":1,"members":[]},"metadata":{"__symbolic":"class","extends":{"__symbolic":"resolved","symbol":{"__symbol":2,"members":[]},"line":115,"character":31,"fileName":"src\\@ionic-native\\plugins\\qr-scanner\\index.ts"},"members":{"prepare":[{"__symbolic":"method","decorators":[{"__symbolic":"call","expression":{"__symbolic":"resolved","symbol":{"__symbol":3,"members":[]},"line":120,"character":3,"fileName":"src\\@ionic-native\\plugins\\qr-scanner\\index.ts"},"arguments":[{"callbackStyle":"node"}]}]}],"scan":[{"__symbolic":"method","decorators":[{"__symbolic":"call","expression":{"__symbolic":"resolved","symbol":{"__symbol":3,"members":[]},"line":131,"character":3,"fileName":"src\\@ionic-native\\plugins\\qr-scanner\\index.ts"},"arguments":[{"callbackStyle":"node","observable":true,"clearFunction":"cancelScan"}]}]}],"show":[{"__symbolic":"method","decorators":[{"__symbolic":"call","expression":{"__symbolic":"resolved","symbol":{"__symbol":3,"members":[]},"line":144,"character":3,"fileName":"src\\@ionic-native\\plugins\\qr-scanner\\index.ts"}}]}],"hide":[{"__symbolic":"method","decorators":[{"__symbolic":"call","expression":{"__symbolic":"resolved","symbol":{"__symbol":3,"members":[]},"line":153,"character":3,"fileName":"src\\@ionic-native\\plugins\\qr-scanner\\index.ts"}}]}],"enableLight":[{"__symbolic":"method","decorators":[{"__symbolic":"call","expression":{"__symbolic":"resolved","symbol":{"__symbol":3,"members":[]},"line":162,"character":3,"fileName":"src\\@ionic-native\\plugins\\qr-scanner\\index.ts"},"arguments":[{"callbackStyle":"node"}]}]}],"destroy":[{"__symbolic":"method","decorators":[{"__symbolic":"call","expression":{"__symbolic":"resolved","symbol":{"__symbol":3,"members":[]},"line":173,"character":3,"fileName":"src\\@ionic-native\\plugins\\qr-scanner\\index.ts"}}]}],"disableLight":[{"__symbolic":"method","decorators":[{"__symbolic":"call","expression":{"__symbolic":"resolved","symbol":{"__symbol":3,"members":[]},"line":182,"character":3,"fileName":"src\\@ionic-native\\plugins\\qr-scanner\\index.ts"},"arguments":[{"callbackStyle":"node"}]}]}],"useFrontCamera":[{"__symbolic":"method","decorators":[{"__symbolic":"call","expression":{"__symbolic":"resolved","symbol":{"__symbol":3,"members":[]},"line":193,"character":3,"fileName":"src\\@ionic-native\\plugins\\qr-scanner\\index.ts"},"arguments":[{"callbackStyle":"node"}]}]}],"useBackCamera":[{"__symbolic":"method","decorators":[{"__symbolic":"call","expression":{"__symbolic":"resolved","symbol":{"__symbol":3,"members":[]},"line":204,"character":3,"fileName":"src\\@ionic-native\\plugins\\qr-scanner\\index.ts"},"arguments":[{"callbackStyle":"node"}]}]}],"useCamera":[{"__symbolic":"method","decorators":[{"__symbolic":"call","expression":{"__symbolic":"resolved","symbol":{"__symbol":3,"members":[]},"line":216,"character":3,"fileName":"src\\@ionic-native\\plugins\\qr-scanner\\index.ts"},"arguments":[{"callbackStyle":"node"}]}]}],"pausePreview":[{"__symbolic":"method","decorators":[{"__symbolic":"call","expression":{"__symbolic":"resolved","symbol":{"__symbol":3,"members":[]},"line":227,"character":3,"fileName":"src\\@ionic-native\\plugins\\qr-scanner\\index.ts"}}]}],"resumePreview":[{"__symbolic":"method","decorators":[{"__symbolic":"call","expression":{"__symbolic":"resolved","symbol":{"__symbol":3,"members":[]},"line":236,"character":3,"fileName":"src\\@ionic-native\\plugins\\qr-scanner\\index.ts"}}]}],"getStatus":[{"__symbolic":"method","decorators":[{"__symbolic":"call","expression":{"__symbolic":"resolved","symbol":{"__symbol":3,"members":[]},"line":245,"character":3,"fileName":"src\\@ionic-native\\plugins\\qr-scanner\\index.ts"}}]}],"openSettings":[{"__symbolic":"method","decorators":[{"__symbolic":"call","expression":{"__symbolic":"resolved","symbol":{"__symbol":3,"members":[]},"line":253,"character":3,"fileName":"src\\@ionic-native\\plugins\\qr-scanner\\index.ts"},"arguments":[{"sync":true}]}]}]}},"type":{"summaryKind":3,"type":{"reference":{"__symbol":1,"members":[]},"diDeps":[],"lifecycleHooks":[]}}}],"symbols":[{"__symbol":0,"name":"QRScannerStatus","filePath":"./index"},{"__symbol":1,"name":"QRScanner","filePath":"./index"},{"__symbol":2,"name":"IonicNativePlugin","filePath":"../../../../dist/@ionic-native/core/index"},{"__symbol":3,"name":"Cordova","filePath":"../../../../dist/@ionic-native/core/index"}]}