[{"__symbolic":"module","version":4,"metadata":{"CaptureVideoOptions":{"__symbolic":"interface"},"VideoCapturePlus":{"__symbolic":"class","extends":{"__symbolic":"reference","module":"@ionic-native/core","name":"IonicNativePlugin","line":28,"character":38},"decorators":[{"__symbolic":"call","expression":{"__symbolic":"reference","module":"@ionic-native/core","name":"Plugin","line":16,"character":1},"arguments":[{"pluginName":"VideoCapturePlus","plugin":"VideoCapturePlus-PhoneGap-Plugin","pluginRef":"exe.VideoCapturePlus","repo":"https://github.com/EddyVerbruggen/VideoCapturePlus-PhoneGap-Plugin","install":"cordova plugin add https://github.com/EddyVerbruggen/VideoCapturePlus-PhoneGap-Plugin.git","installVariables":[],"platforms":["Android","iOS"]}]},{"__symbolic":"call","expression":{"__symbolic":"reference","module":"@angular/core","name":"Injectable","line":27,"character":1}}],"members":{"captureVideo":[{"__symbolic":"method","decorators":[{"__symbolic":"call","expression":{"__symbolic":"reference","module":"@ionic-native/core","name":"Cordova","line":29,"character":3},"arguments":[{"callbackOrder":"reverse"}]}]}]}}}}]