{"moduleName":null,"summaries":[{"symbol":{"__symbol":0,"members":[]},"metadata":{"__symbolic":"class","extends":{"__symbolic":"resolved","symbol":{"__symbol":1,"members":[]},"line":24,"character":35,"fileName":"src\\@ionic-native\\plugins\\phone-calltrap\\index.ts"},"members":{"onCall":[{"__symbolic":"method","decorators":[{"__symbolic":"call","expression":{"__symbolic":"resolved","symbol":{"__symbol":2,"members":[]},"line":25,"character":3,"fileName":"src\\@ionic-native\\plugins\\phone-calltrap\\index.ts"},"arguments":[{"observable":true}]}]}]}},"type":{"summaryKind":3,"type":{"reference":{"__symbol":0,"members":[]},"diDeps":[],"lifecycleHooks":[]}}}],"symbols":[{"__symbol":0,"name":"PhoneCalltrap","filePath":"./index"},{"__symbol":1,"name":"IonicNativePlugin","filePath":"../../../../dist/@ionic-native/core/index"},{"__symbol":2,"name":"Cordova","filePath":"../../../../dist/@ionic-native/core/index"}]}