[{"__symbolic":"module","version":4,"metadata":{"PhoneCalltrap":{"__symbolic":"class","extends":{"__symbolic":"reference","module":"@ionic-native/core","name":"IonicNativePlugin","line":24,"character":35},"decorators":[{"__symbolic":"call","expression":{"__symbolic":"reference","module":"@ionic-native/core","name":"Plugin","line":13,"character":1},"arguments":[{"pluginName":"PhoneCalltrap","plugin":"io.gvox.phonecalltrap.PhoneCallTrap","pluginRef":"exe.PhoneCallTrap","repo":"https://github.com/renanoliveira/cordova-phone-call-trap","install":"cordova plugin add io.gvox.plugin.phonecalltrap","installVariables":[],"platforms":["Android"]}]},{"__symbolic":"call","expression":{"__symbolic":"reference","module":"@angular/core","name":"Injectable","line":23,"character":1}}],"members":{"onCall":[{"__symbolic":"method","decorators":[{"__symbolic":"call","expression":{"__symbolic":"reference","module":"@ionic-native/core","name":"Cordova","line":25,"character":3},"arguments":[{"observable":true}]}]}]}}}}]