[{"__symbolic":"module","version":4,"metadata":{"Clipboard":{"__symbolic":"class","extends":{"__symbolic":"reference","module":"@ionic-native/core","name":"IonicNativePlugin","line":40,"character":31},"decorators":[{"__symbolic":"call","expression":{"__symbolic":"reference","module":"@ionic-native/core","name":"Plugin","line":31,"character":1},"arguments":[{"pluginName":"Clipboard","plugin":"cordova-clipboard","pluginRef":"exe.Clipboard","repo":"https://github.com/ihadeed/cordova-clipboard","platforms":["Android","iOS","Windows Phone 8"]}]},{"__symbolic":"call","expression":{"__symbolic":"reference","module":"@angular/core","name":"Injectable","line":39,"character":1}}],"members":{"copy":[{"__symbolic":"method","decorators":[{"__symbolic":"call","expression":{"__symbolic":"reference","module":"@ionic-native/core","name":"Cordova","line":46,"character":3}}]}],"paste":[{"__symbolic":"method","decorators":[{"__symbolic":"call","expression":{"__symbolic":"reference","module":"@ionic-native/core","name":"Cordova","line":55,"character":3}}]}],"clear":[{"__symbolic":"method","decorators":[{"__symbolic":"call","expression":{"__symbolic":"reference","module":"@ionic-native/core","name":"Cordova","line":64,"character":3}}]}]}}}}]