[{"__symbolic":"module","version":4,"metadata":{"RongCloudLib":{"__symbolic":"class","extends":{"__symbolic":"reference","module":"@ionic-native/core","name":"IonicNativePlugin","line":31,"character":34},"decorators":[{"__symbolic":"call","expression":{"__symbolic":"reference","module":"@ionic-native/core","name":"Plugin","line":20,"character":1},"arguments":[{"pluginName":"rongCloudLib","plugin":"RongCloudLibPlugin","pluginRef":"exe.RongCloudLib","repo":"","install":"","installVariables":[],"platforms":["Android","iOS"]}]},{"__symbolic":"call","expression":{"__symbolic":"reference","module":"@angular/core","name":"Injectable","line":30,"character":1}}],"members":{"getConversationList":[{"__symbolic":"method","decorators":[{"__symbolic":"call","expression":{"__symbolic":"reference","module":"@ionic-native/core","name":"Cordova","line":33,"character":3}}]}],"openNativePage":[{"__symbolic":"method","decorators":[{"__symbolic":"call","expression":{"__symbolic":"reference","module":"@ionic-native/core","name":"Cordova","line":39,"character":3}}]}],"setOnReceiveMessageListener":[{"__symbolic":"method","decorators":[{"__symbolic":"call","expression":{"__symbolic":"reference","module":"@ionic-native/core","name":"Cordova","line":45,"character":3}}]}],"removeConversation":[{"__symbolic":"method","decorators":[{"__symbolic":"call","expression":{"__symbolic":"reference","module":"@ionic-native/core","name":"Cordova","line":51,"character":3}}]}],"setConnectionStatusListener":[{"__symbolic":"method","decorators":[{"__symbolic":"call","expression":{"__symbolic":"reference","module":"@ionic-native/core","name":"Cordova","line":57,"character":3}}]}]}}},"exports":[{"from":"./rong-cloud-lib.interface","export":["GetConversationListOpts","OpenNativeOpts","ReceiveMsgOpts","RemoveConversationOpts","SetConnectStatusOpts"]},{"from":"./rong-cloud-lib.num","export":["messageType","openNativeAction"]}]}]