{"moduleName":null,"summaries":[{"symbol":{"__symbol":0,"members":[]},"metadata":{"__symbol":1,"members":[]}},{"symbol":{"__symbol":2,"members":[]},"metadata":{"__symbol":3,"members":[]}},{"symbol":{"__symbol":4,"members":[]},"metadata":{"__symbol":5,"members":[]}},{"symbol":{"__symbol":6,"members":[]},"metadata":{"__symbol":7,"members":[]}},{"symbol":{"__symbol":8,"members":[]},"metadata":{"__symbol":9,"members":[]}},{"symbol":{"__symbol":10,"members":[]},"metadata":{"__symbol":11,"members":[]}},{"symbol":{"__symbol":12,"members":[]},"metadata":{"__symbol":13,"members":[]}},{"symbol":{"__symbol":14,"members":[]},"metadata":{"__symbolic":"class","extends":{"__symbolic":"resolved","symbol":{"__symbol":15,"members":[]},"line":31,"character":34,"fileName":"src\\@ionic-native\\plugins\\rong-cloud-lib\\index.ts"},"members":{"getConversationList":[{"__symbolic":"method","decorators":[{"__symbolic":"call","expression":{"__symbolic":"resolved","symbol":{"__symbol":16,"members":[]},"line":33,"character":3,"fileName":"src\\@ionic-native\\plugins\\rong-cloud-lib\\index.ts"}}]}],"openNativePage":[{"__symbolic":"method","decorators":[{"__symbolic":"call","expression":{"__symbolic":"resolved","symbol":{"__symbol":16,"members":[]},"line":39,"character":3,"fileName":"src\\@ionic-native\\plugins\\rong-cloud-lib\\index.ts"}}]}],"setOnReceiveMessageListener":[{"__symbolic":"method","decorators":[{"__symbolic":"call","expression":{"__symbolic":"resolved","symbol":{"__symbol":16,"members":[]},"line":45,"character":3,"fileName":"src\\@ionic-native\\plugins\\rong-cloud-lib\\index.ts"}}]}],"removeConversation":[{"__symbolic":"method","decorators":[{"__symbolic":"call","expression":{"__symbolic":"resolved","symbol":{"__symbol":16,"members":[]},"line":51,"character":3,"fileName":"src\\@ionic-native\\plugins\\rong-cloud-lib\\index.ts"}}]}],"setConnectionStatusListener":[{"__symbolic":"method","decorators":[{"__symbolic":"call","expression":{"__symbolic":"resolved","symbol":{"__symbol":16,"members":[]},"line":57,"character":3,"fileName":"src\\@ionic-native\\plugins\\rong-cloud-lib\\index.ts"}}]}]}},"type":{"summaryKind":3,"type":{"reference":{"__symbol":14,"members":[]},"diDeps":[],"lifecycleHooks":[]}}}],"symbols":[{"__symbol":0,"name":"GetConversationListOpts","filePath":"./index"},{"__symbol":1,"name":"GetConversationListOpts","filePath":"./rong-cloud-lib.interface"},{"__symbol":2,"name":"OpenNativeOpts","filePath":"./index"},{"__symbol":3,"name":"OpenNativeOpts","filePath":"./rong-cloud-lib.interface"},{"__symbol":4,"name":"ReceiveMsgOpts","filePath":"./index"},{"__symbol":5,"name":"ReceiveMsgOpts","filePath":"./rong-cloud-lib.interface"},{"__symbol":6,"name":"RemoveConversationOpts","filePath":"./index"},{"__symbol":7,"name":"RemoveConversationOpts","filePath":"./rong-cloud-lib.interface"},{"__symbol":8,"name":"SetConnectStatusOpts","filePath":"./index"},{"__symbol":9,"name":"SetConnectStatusOpts","filePath":"./rong-cloud-lib.interface"},{"__symbol":10,"name":"messageType","filePath":"./index"},{"__symbol":11,"name":"messageType","filePath":"./rong-cloud-lib.num"},{"__symbol":12,"name":"openNativeAction","filePath":"./index"},{"__symbol":13,"name":"openNativeAction","filePath":"./rong-cloud-lib.num"},{"__symbol":14,"name":"RongCloudLib","filePath":"./index"},{"__symbol":15,"name":"IonicNativePlugin","filePath":"../../../../dist/@ionic-native/core/index"},{"__symbol":16,"name":"Cordova","filePath":"../../../../dist/@ionic-native/core/index"}]}