{"moduleName":null,"summaries":[{"symbol":{"__symbol":0,"members":[]},"metadata":{"__symbolic":"interface"}},{"symbol":{"__symbol":1,"members":[]},"metadata":{"singleChat":1,"discussionGroup":2,"Group":3}},{"symbol":{"__symbol":2,"members":[]},"metadata":{"openH5Page":"openH5Page"}},{"symbol":{"__symbol":3,"members":[]},"metadata":{"__symbolic":"interface"}},{"symbol":{"__symbol":4,"members":[]},"metadata":{"__symbolic":"interface"}},{"symbol":{"__symbol":5,"members":[]},"metadata":{"__symbolic":"interface"}},{"symbol":{"__symbol":6,"members":[]},"metadata":{"__symbolic":"interface"}},{"symbol":{"__symbol":7,"members":[]},"metadata":{"__symbolic":"interface"}}],"symbols":[{"__symbol":0,"name":"Conversation","filePath":"./rong-cloud-lib.interface"},{"__symbol":1,"name":"ConversationType","filePath":"./rong-cloud-lib.interface"},{"__symbol":2,"name":"nativeToH5","filePath":"./rong-cloud-lib.interface"},{"__symbol":3,"name":"GetConversationListOpts","filePath":"./rong-cloud-lib.interface"},{"__symbol":4,"name":"OpenNativeOpts","filePath":"./rong-cloud-lib.interface"},{"__symbol":5,"name":"ReceiveMsgOpts","filePath":"./rong-cloud-lib.interface"},{"__symbol":6,"name":"RemoveConversationOpts","filePath":"./rong-cloud-lib.interface"},{"__symbol":7,"name":"SetConnectStatusOpts","filePath":"./rong-cloud-lib.interface"}]}