{"moduleName":null,"summaries":[{"symbol":{"__symbol":0,"members":[]},"metadata":{"txt":"txt","loc":"loc","rich":"rich","voc":"voc","img":"img","contact":"contact","other":"other"}},{"symbol":{"__symbol":1,"members":[]},"metadata":{"openConversation":"openConversation","createGroup":"createGroup","addFriend":"addFriend","openContact":"openContact","createConversation":"createConversation","popToNative":"popToNative","searchText":"searchText","reportContact":"reportContact","selectUsers":"selectUsers","openNativeVideoNum":"openNativeVideoNum","openNativeVideoChannelHome":"openNativeVideoChannelHome"}}],"symbols":[{"__symbol":0,"name":"messageType","filePath":"./rong-cloud-lib.num"},{"__symbol":1,"name":"openNativeAction","filePath":"./rong-cloud-lib.num"}]}