[{"__symbolic":"module","version":4,"metadata":{"messageType":{"txt":"txt","loc":"loc","rich":"rich","voc":"voc","img":"img","contact":"contact","other":"other"},"openNativeAction":{"openConversation":"openConversation","createGroup":"createGroup","addFriend":"addFriend","openContact":"openContact","createConversation":"createConversation","popToNative":"popToNative","searchText":"searchText","reportContact":"reportContact","selectUsers":"selectUsers","openNativeVideoNum":"openNativeVideoNum","openNativeVideoChannelHome":"openNativeVideoChannelHome"}}}]