[{"__symbolic":"module","version":4,"metadata":{"BarcodeScannerOptions":{"__symbolic":"interface"},"BarcodeScanResult":{"__symbolic":"interface"},"BarcodeScanner":{"__symbolic":"class","extends":{"__symbolic":"reference","module":"@ionic-native/core","name":"IonicNativePlugin","line":113,"character":36},"decorators":[{"__symbolic":"call","expression":{"__symbolic":"reference","module":"@ionic-native/core","name":"Plugin","line":104,"character":1},"arguments":[{"pluginName":"BarcodeScanner","plugin":"phonegap-plugin-barcodescanner","pluginRef":"exe.BarcodeScanner","repo":"https://github.com/phonegap/phonegap-plugin-barcodescanner","platforms":["Android","BlackBerry 10","Browser","iOS","Windows"]}]},{"__symbolic":"call","expression":{"__symbolic":"reference","module":"@angular/core","name":"Injectable","line":112,"character":1}}],"members":{"scan":[{"__symbolic":"method","decorators":[{"__symbolic":"call","expression":{"__symbolic":"reference","module":"@ionic-native/core","name":"Cordova","line":131,"character":3},"arguments":[{"callbackOrder":"reverse"}]}]}],"encode":[{"__symbolic":"method","decorators":[{"__symbolic":"call","expression":{"__symbolic":"reference","module":"@ionic-native/core","name":"Cordova","line":145,"character":3}}]}]}}}}]