{"moduleName":null,"summaries":[{"symbol":{"__symbol":0,"members":[]},"metadata":{"__symbolic":"interface"}},{"symbol":{"__symbol":1,"members":[]},"metadata":{"__symbolic":"interface"}},{"symbol":{"__symbol":2,"members":[]},"metadata":{"__symbolic":"class","extends":{"__symbolic":"resolved","symbol":{"__symbol":3,"members":[]},"line":113,"character":36,"fileName":"src\\@ionic-native\\plugins\\barcode-scanner\\index.ts"},"members":{"scan":[{"__symbolic":"method","decorators":[{"__symbolic":"call","expression":{"__symbolic":"resolved","symbol":{"__symbol":4,"members":[]},"line":131,"character":3,"fileName":"src\\@ionic-native\\plugins\\barcode-scanner\\index.ts"},"arguments":[{"callbackOrder":"reverse"}]}]}],"encode":[{"__symbolic":"method","decorators":[{"__symbolic":"call","expression":{"__symbolic":"resolved","symbol":{"__symbol":4,"members":[]},"line":145,"character":3,"fileName":"src\\@ionic-native\\plugins\\barcode-scanner\\index.ts"}}]}]}},"type":{"summaryKind":3,"type":{"reference":{"__symbol":2,"members":[]},"diDeps":[],"lifecycleHooks":[]}}}],"symbols":[{"__symbol":0,"name":"BarcodeScannerOptions","filePath":"./index"},{"__symbol":1,"name":"BarcodeScanResult","filePath":"./index"},{"__symbol":2,"name":"BarcodeScanner","filePath":"./index"},{"__symbol":3,"name":"IonicNativePlugin","filePath":"../../../../dist/@ionic-native/core/index"},{"__symbol":4,"name":"Cordova","filePath":"../../../../dist/@ionic-native/core/index"}]}