[{"__symbolic":"module","version":4,"metadata":{"SafeKeyboardType":{"Number":0,"Decimal":1,"Full":2},"SafeKeyboard":{"__symbolic":"class","extends":{"__symbolic":"reference","module":"@ionic-native/core","name":"IonicNativePlugin","line":17,"character":34},"decorators":[{"__symbolic":"call","expression":{"__symbolic":"reference","module":"@ionic-native/core","name":"Plugin","line":10,"character":1},"arguments":[{"pluginName":"Safe Keyboard","plugin":"com.exe.CDVSafeKeyboard","pluginRef":"exe.SafeKeyboard","platforms":["Android","iOS"]}]},{"__symbolic":"call","expression":{"__symbolic":"reference","module":"@angular/core","name":"Injectable","line":16,"character":1}}],"members":{"show":[{"__symbolic":"method","decorators":[{"__symbolic":"call","expression":{"__symbolic":"reference","module":"@ionic-native/core","name":"Cordova","line":18,"character":3},"arguments":[{"successIndex":0,"errorIndex":1,"observable":true}]}]}],"close":[{"__symbolic":"method","decorators":[{"__symbolic":"call","expression":{"__symbolic":"reference","module":"@ionic-native/core","name":"Cordova","line":27,"character":3},"arguments":[{"sync":true}]}]}]}}}}]