{"moduleName":null,"summaries":[{"symbol":{"__symbol":0,"members":[]},"metadata":{"Number":0,"Decimal":1,"Full":2}},{"symbol":{"__symbol":1,"members":[]},"metadata":{"__symbolic":"class","extends":{"__symbolic":"resolved","symbol":{"__symbol":2,"members":[]},"line":17,"character":34,"fileName":"src\\@ionic-native\\plugins\\safe-keyboard\\index.ts"},"members":{"show":[{"__symbolic":"method","decorators":[{"__symbolic":"call","expression":{"__symbolic":"resolved","symbol":{"__symbol":3,"members":[]},"line":18,"character":3,"fileName":"src\\@ionic-native\\plugins\\safe-keyboard\\index.ts"},"arguments":[{"successIndex":0,"errorIndex":1,"observable":true}]}]}],"close":[{"__symbolic":"method","decorators":[{"__symbolic":"call","expression":{"__symbolic":"resolved","symbol":{"__symbol":3,"members":[]},"line":27,"character":3,"fileName":"src\\@ionic-native\\plugins\\safe-keyboard\\index.ts"},"arguments":[{"sync":true}]}]}]}},"type":{"summaryKind":3,"type":{"reference":{"__symbol":1,"members":[]},"diDeps":[],"lifecycleHooks":[]}}}],"symbols":[{"__symbol":0,"name":"SafeKeyboardType","filePath":"./index"},{"__symbol":1,"name":"SafeKeyboard","filePath":"./index"},{"__symbol":2,"name":"IonicNativePlugin","filePath":"../../../../dist/@ionic-native/core/index"},{"__symbol":3,"name":"Cordova","filePath":"../../../../dist/@ionic-native/core/index"}]}