{"moduleName":null,"summaries":[{"symbol":{"__symbol":0,"members":[]},"metadata":{"__symbolic":"interface"}},{"symbol":{"__symbol":1,"members":[]},"metadata":{"__symbolic":"class","extends":{"__symbolic":"resolved","symbol":{"__symbol":2,"members":[]},"line":27,"character":34,"fileName":"src\\@ionic-native\\plugins\\download-file\\index.ts"},"members":{"startDownLoad":[{"__symbolic":"method","decorators":[{"__symbolic":"call","expression":{"__symbolic":"resolved","symbol":{"__symbol":3,"members":[]},"line":28,"character":3,"fileName":"src\\@ionic-native\\plugins\\download-file\\index.ts"}}]}],"pauseDownLoad":[{"__symbolic":"method","decorators":[{"__symbolic":"call","expression":{"__symbolic":"resolved","symbol":{"__symbol":3,"members":[]},"line":37,"character":3,"fileName":"src\\@ionic-native\\plugins\\download-file\\index.ts"}}]}],"cancelDownLoad":[{"__symbolic":"method","decorators":[{"__symbolic":"call","expression":{"__symbolic":"resolved","symbol":{"__symbol":3,"members":[]},"line":42,"character":3,"fileName":"src\\@ionic-native\\plugins\\download-file\\index.ts"}}]}],"getDownloadListProgress":[{"__symbolic":"method","decorators":[{"__symbolic":"call","expression":{"__symbolic":"resolved","symbol":{"__symbol":3,"members":[]},"line":47,"character":3,"fileName":"src\\@ionic-native\\plugins\\download-file\\index.ts"}}]}]}},"type":{"summaryKind":3,"type":{"reference":{"__symbol":1,"members":[]},"diDeps":[],"lifecycleHooks":[]}}}],"symbols":[{"__symbol":0,"name":"DownLoadOpt","filePath":"./index"},{"__symbol":1,"name":"DownloadFile","filePath":"./index"},{"__symbol":2,"name":"IonicNativePlugin","filePath":"../../../../dist/@ionic-native/core/index"},{"__symbol":3,"name":"Cordova","filePath":"../../../../dist/@ionic-native/core/index"}]}