[{"__symbolic":"module","version":4,"metadata":{"DownLoadOpt":{"__symbolic":"interface"},"DownloadFile":{"__symbolic":"class","extends":{"__symbolic":"reference","module":"@ionic-native/core","name":"IonicNativePlugin","line":27,"character":34},"decorators":[{"__symbolic":"call","expression":{"__symbolic":"reference","module":"@ionic-native/core","name":"Plugin","line":16,"character":1},"arguments":[{"pluginName":"DownloadFile","plugin":"com.exe.CDVDownloadPlugin","pluginRef":"exe.DownloadFile","repo":"","install":"","installVariables":[],"platforms":["Android","iOS"]}]},{"__symbolic":"call","expression":{"__symbolic":"reference","module":"@angular/core","name":"Injectable","line":26,"character":1}}],"members":{"startDownLoad":[{"__symbolic":"method","decorators":[{"__symbolic":"call","expression":{"__symbolic":"reference","module":"@ionic-native/core","name":"Cordova","line":28,"character":3}}]}],"pauseDownLoad":[{"__symbolic":"method","decorators":[{"__symbolic":"call","expression":{"__symbolic":"reference","module":"@ionic-native/core","name":"Cordova","line":37,"character":3}}]}],"cancelDownLoad":[{"__symbolic":"method","decorators":[{"__symbolic":"call","expression":{"__symbolic":"reference","module":"@ionic-native/core","name":"Cordova","line":42,"character":3}}]}],"getDownloadListProgress":[{"__symbolic":"method","decorators":[{"__symbolic":"call","expression":{"__symbolic":"reference","module":"@ionic-native/core","name":"Cordova","line":47,"character":3}}]}]}}}}]