{"moduleName":null,"summaries":[{"symbol":{"__symbol":0,"members":[]},"metadata":{"__symbolic":"interface"}},{"symbol":{"__symbol":1,"members":[]},"metadata":{"__symbolic":"class","extends":{"__symbolic":"resolved","symbol":{"__symbol":2,"members":[]},"line":33,"character":33,"fileName":"src\\@ionic-native\\plugins\\show-photos\\index.ts"},"members":{"showPhotos":[{"__symbolic":"method","decorators":[{"__symbolic":"call","expression":{"__symbolic":"resolved","symbol":{"__symbol":3,"members":[]},"line":34,"character":3,"fileName":"src\\@ionic-native\\plugins\\show-photos\\index.ts"}}]}]}},"type":{"summaryKind":3,"type":{"reference":{"__symbol":1,"members":[]},"diDeps":[],"lifecycleHooks":[]}}}],"symbols":[{"__symbol":0,"name":"ShowPhotosParams","filePath":"./index"},{"__symbol":1,"name":"PhotoViewer","filePath":"./index"},{"__symbol":2,"name":"IonicNativePlugin","filePath":"../../../../dist/@ionic-native/core/index"},{"__symbol":3,"name":"Cordova","filePath":"../../../../dist/@ionic-native/core/index"}]}