[{"__symbolic":"module","version":4,"metadata":{"ShowPhotosParams":{"__symbolic":"interface"},"PhotoViewer":{"__symbolic":"class","extends":{"__symbolic":"reference","module":"@ionic-native/core","name":"IonicNativePlugin","line":33,"character":33},"decorators":[{"__symbolic":"call","expression":{"__symbolic":"reference","module":"@ionic-native/core","name":"Plugin","line":22,"character":1},"arguments":[{"pluginName":"PhotoViewer","plugin":"com.exe.CDVShowPhotos","pluginRef":"exe.PhotoViewer","repo":"","install":"","installVariables":[],"platforms":["Android","iOS"]}]},{"__symbolic":"call","expression":{"__symbolic":"reference","module":"@angular/core","name":"Injectable","line":32,"character":1}}],"members":{"showPhotos":[{"__symbolic":"method","decorators":[{"__symbolic":"call","expression":{"__symbolic":"reference","module":"@ionic-native/core","name":"Cordova","line":34,"character":3}}]}]}}}}]