{"moduleName":null,"summaries":[{"symbol":{"__symbol":0,"members":[]},"metadata":{"__symbolic":"interface"}},{"symbol":{"__symbol":1,"members":[]},"metadata":{"__symbolic":"interface"}},{"symbol":{"__symbol":2,"members":[]},"metadata":{"__symbolic":"interface"}},{"symbol":{"__symbol":3,"members":[]},"metadata":{"__symbolic":"class","extends":{"__symbolic":"resolved","symbol":{"__symbol":4,"members":[]},"line":193,"character":34,"fileName":"src\\@ionic-native\\plugins\\file-transfer\\index.ts"},"members":{"create":[{"__symbolic":"method"}]}},"type":{"summaryKind":3,"type":{"reference":{"__symbol":3,"members":[]},"diDeps":[],"lifecycleHooks":[]}}},{"symbol":{"__symbol":5,"members":[]},"metadata":{"__symbolic":"class","members":{"__ctor__":[{"__symbolic":"constructor"}],"upload":[{"__symbolic":"method","decorators":[{"__symbolic":"call","expression":{"__symbolic":"resolved","symbol":{"__symbol":6,"members":[]},"line":252,"character":3,"fileName":"src\\@ionic-native\\plugins\\file-transfer\\index.ts"},"arguments":[{"successIndex":2,"errorIndex":3}]}]}],"download":[{"__symbolic":"method","decorators":[{"__symbolic":"call","expression":{"__symbolic":"resolved","symbol":{"__symbol":6,"members":[]},"line":274,"character":3,"fileName":"src\\@ionic-native\\plugins\\file-transfer\\index.ts"},"arguments":[{"successIndex":2,"errorIndex":3}]}]}],"onProgress":[{"__symbolic":"method","decorators":[{"__symbolic":"call","expression":{"__symbolic":"resolved","symbol":{"__symbol":7,"members":[]},"line":291,"character":3,"fileName":"src\\@ionic-native\\plugins\\file-transfer\\index.ts"},"arguments":[{"sync":true}]}]}],"abort":[{"__symbolic":"method","decorators":[{"__symbolic":"call","expression":{"__symbolic":"resolved","symbol":{"__symbol":6,"members":[]},"line":300,"character":3,"fileName":"src\\@ionic-native\\plugins\\file-transfer\\index.ts"},"arguments":[{"sync":true}]}]}]}}}],"symbols":[{"__symbol":0,"name":"FileUploadOptions","filePath":"./index"},{"__symbol":1,"name":"FileUploadResult","filePath":"./index"},{"__symbol":2,"name":"FileTransferError","filePath":"./index"},{"__symbol":3,"name":"FileTransfer","filePath":"./index"},{"__symbol":4,"name":"IonicNativePlugin","filePath":"../../../../dist/@ionic-native/core/index"},{"__symbol":5,"name":"FileTransferObject","filePath":"./index"},{"__symbol":6,"name":"CordovaInstance","filePath":"../../../../dist/@ionic-native/core/index"},{"__symbol":7,"name":"InstanceCheck","filePath":"../../../../dist/@ionic-native/core/index"}]}