[{"__symbolic":"module","version":4,"metadata":{"FileUploadOptions":{"__symbolic":"interface"},"FileUploadResult":{"__symbolic":"interface"},"FileTransferError":{"__symbolic":"interface"},"FileTransfer":{"__symbolic":"class","extends":{"__symbolic":"reference","module":"@ionic-native/core","name":"IonicNativePlugin","line":193,"character":34},"decorators":[{"__symbolic":"call","expression":{"__symbolic":"reference","module":"@ionic-native/core","name":"Plugin","line":176,"character":1},"arguments":[{"pluginName":"FileTransfer","plugin":"cordova-plugin-file-transfer","pluginRef":"exe.FileTransfer","repo":"https://github.com/apache/cordova-plugin-file-transfer","platforms":["Amazon Fire OS","Android","Browser","iOS","Ubuntu","Windows","Windows Phone"]}]},{"__symbolic":"call","expression":{"__symbolic":"reference","module":"@angular/core","name":"Injectable","line":192,"character":1}}],"members":{"create":[{"__symbolic":"method"}]}},"FileTransferObject":{"__symbolic":"class","decorators":[{"__symbolic":"call","expression":{"__symbolic":"reference","module":"@ionic-native/core","name":"Plugin","line":224,"character":1},"arguments":[{"plugin":"cordova-plugin-file-transfer","pluginName":"FileTransfer"}]}],"members":{"__ctor__":[{"__symbolic":"constructor"}],"upload":[{"__symbolic":"method","decorators":[{"__symbolic":"call","expression":{"__symbolic":"reference","module":"@ionic-native/core","name":"CordovaInstance","line":252,"character":3},"arguments":[{"successIndex":2,"errorIndex":3}]}]}],"download":[{"__symbolic":"method","decorators":[{"__symbolic":"call","expression":{"__symbolic":"reference","module":"@ionic-native/core","name":"CordovaInstance","line":274,"character":3},"arguments":[{"successIndex":2,"errorIndex":3}]}]}],"onProgress":[{"__symbolic":"method","decorators":[{"__symbolic":"call","expression":{"__symbolic":"reference","module":"@ionic-native/core","name":"InstanceCheck","line":291,"character":3},"arguments":[{"sync":true}]}]}],"abort":[{"__symbolic":"method","decorators":[{"__symbolic":"call","expression":{"__symbolic":"reference","module":"@ionic-native/core","name":"CordovaInstance","line":300,"character":3},"arguments":[{"sync":true}]}]}]}}}}]