[{"__symbolic":"module","version":4,"metadata":{"IFile":{"__symbolic":"interface"},"LocalFileSystem":{"__symbolic":"interface"},"Metadata":{"__symbolic":"interface"},"Flags":{"__symbolic":"interface"},"FileSystem":{"__symbolic":"interface"},"Entry":{"__symbolic":"interface"},"DirectoryEntry":{"__symbolic":"interface"},"DirectoryReader":{"__symbolic":"interface"},"FileEntry":{"__symbolic":"interface"},"FileSystemCallback":{"__symbolic":"interface"},"EntryCallback":{"__symbolic":"interface"},"FileEntryCallback":{"__symbolic":"interface"},"DirectoryEntryCallback":{"__symbolic":"interface"},"EntriesCallback":{"__symbolic":"interface"},"MetadataCallback":{"__symbolic":"interface"},"FileWriterCallback":{"__symbolic":"interface"},"FileCallback":{"__symbolic":"interface"},"VoidCallback":{"__symbolic":"interface"},"ErrorCallback":{"__symbolic":"interface"},"RemoveResult":{"__symbolic":"interface"},"FileSaver":{"__symbolic":"class","extends":{"__symbolic":"reference","name":"EventTarget"},"members":{"__ctor__":[{"__symbolic":"constructor","parameters":[{"__symbolic":"error","message":"Could not resolve type","line":431,"character":20,"context":{"typeName":"Blob"}}]}],"abort":[{"__symbolic":"method"}]}},"FileWriter":{"__symbolic":"class","extends":{"__symbolic":"reference","name":"FileSaver"},"members":{"write":[{"__symbolic":"method"}],"seek":[{"__symbolic":"method"}],"truncate":[{"__symbolic":"method"}]}},"IWriteOptions":{"__symbolic":"interface"},"FileError":{"__symbolic":"class","members":{"__ctor__":[{"__symbolic":"constructor","parameters":[{"__symbolic":"reference","name":"number"}]}]},"statics":{"NOT_FOUND_ERR":{"__symbolic":"error","message":"Variable not initialized","line":558,"character":9},"SECURITY_ERR":{"__symbolic":"error","message":"Variable not initialized","line":559,"character":9},"ABORT_ERR":{"__symbolic":"error","message":"Variable not initialized","line":560,"character":9},"NOT_READABLE_ERR":{"__symbolic":"error","message":"Variable not initialized","line":561,"character":9},"ENCODING_ERR":{"__symbolic":"error","message":"Variable not initialized","line":562,"character":9},"NO_MODIFICATION_ALLOWED_ERR":{"__symbolic":"error","message":"Variable not initialized","line":563,"character":9},"INVALID_STATE_ERR":{"__symbolic":"error","message":"Variable not initialized","line":564,"character":9},"SYNTAX_ERR":{"__symbolic":"error","message":"Variable not initialized","line":565,"character":9},"INVALID_MODIFICATION_ERR":{"__symbolic":"error","message":"Variable not initialized","line":566,"character":9},"QUOTA_EXCEEDED_ERR":{"__symbolic":"error","message":"Variable not initialized","line":567,"character":9},"TYPE_MISMATCH_ERR":{"__symbolic":"error","message":"Variable not initialized","line":568,"character":9},"PATH_EXISTS_ERR":{"__symbolic":"error","message":"Variable not initialized","line":569,"character":9}}},"FileReader":{"__symbolic":"class","members":{"abort":[{"__symbolic":"method"}],"readAsText":[{"__symbolic":"method"}],"readAsDataURL":[{"__symbolic":"method"}],"readAsBinaryString":[{"__symbolic":"method"}],"readAsArrayBuffer":[{"__symbolic":"method"}]},"statics":{"EMPTY":{"__symbolic":"error","message":"Variable not initialized","line":577,"character":9},"LOADING":{"__symbolic":"error","message":"Variable not initialized","line":578,"character":9},"DONE":{"__symbolic":"error","message":"Variable not initialized","line":579,"character":9},"READ_CHUNK_SIZE":{"__symbolic":"error","message":"Variable not initialized","line":580,"character":9}}},"File":{"__symbolic":"class","extends":{"__symbolic":"reference","module":"@ionic-native/core","name":"IonicNativePlugin","line":648,"character":26},"decorators":[{"__symbolic":"call","expression":{"__symbolic":"reference","module":"@ionic-native/core","name":"Plugin","line":639,"character":1},"arguments":[{"pluginName":"File","plugin":"cordova-plugin-file","pluginRef":"exe.File","repo":"https://github.com/apache/cordova-plugin-file","platforms":["Android","Browser","iOS","macOS","Windows"]}]},{"__symbolic":"call","expression":{"__symbolic":"reference","module":"@angular/core","name":"Injectable","line":647,"character":1}}],"members":{"applicationDirectory":[{"__symbolic":"property","decorators":[{"__symbolic":"reference","module":"@ionic-native/core","name":"CordovaProperty","line":652,"character":3}]}],"applicationStorageDirectory":[{"__symbolic":"property","decorators":[{"__symbolic":"reference","module":"@ionic-native/core","name":"CordovaProperty","line":658,"character":3}]}],"dataDirectory":[{"__symbolic":"property","decorators":[{"__symbolic":"reference","module":"@ionic-native/core","name":"CordovaProperty","line":664,"character":3}]}],"cacheDirectory":[{"__symbolic":"property","decorators":[{"__symbolic":"reference","module":"@ionic-native/core","name":"CordovaProperty","line":671,"character":3}]}],"externalApplicationStorageDirectory":[{"__symbolic":"property","decorators":[{"__symbolic":"reference","module":"@ionic-native/core","name":"CordovaProperty","line":677,"character":3}]}],"externalDataDirectory":[{"__symbolic":"property","decorators":[{"__symbolic":"reference","module":"@ionic-native/core","name":"CordovaProperty","line":683,"character":3}]}],"externalCacheDirectory":[{"__symbolic":"property","decorators":[{"__symbolic":"reference","module":"@ionic-native/core","name":"CordovaProperty","line":689,"character":3}]}],"externalRootDirectory":[{"__symbolic":"property","decorators":[{"__symbolic":"reference","module":"@ionic-native/core","name":"CordovaProperty","line":695,"character":3}]}],"tempDirectory":[{"__symbolic":"property","decorators":[{"__symbolic":"reference","module":"@ionic-native/core","name":"CordovaProperty","line":701,"character":3}]}],"syncedDataDirectory":[{"__symbolic":"property","decorators":[{"__symbolic":"reference","module":"@ionic-native/core","name":"CordovaProperty","line":707,"character":3}]}],"documentsDirectory":[{"__symbolic":"property","decorators":[{"__symbolic":"reference","module":"@ionic-native/core","name":"CordovaProperty","line":713,"character":3}]}],"sharedDirectory":[{"__symbolic":"property","decorators":[{"__symbolic":"reference","module":"@ionic-native/core","name":"CordovaProperty","line":719,"character":3}]}],"getFreeDiskSpace":[{"__symbolic":"method","decorators":[{"__symbolic":"call","expression":{"__symbolic":"reference","module":"@ionic-native/core","name":"CordovaCheck","line":743,"character":3}}]}],"checkDir":[{"__symbolic":"method","decorators":[{"__symbolic":"call","expression":{"__symbolic":"reference","module":"@ionic-native/core","name":"CordovaCheck","line":757,"character":3}}]}],"createDir":[{"__symbolic":"method","decorators":[{"__symbolic":"call","expression":{"__symbolic":"reference","module":"@ionic-native/core","name":"CordovaCheck","line":781,"character":3}}]}],"removeDir":[{"__symbolic":"method","decorators":[{"__symbolic":"call","expression":{"__symbolic":"reference","module":"@ionic-native/core","name":"CordovaCheck","line":813,"character":3}}]}],"moveDir":[{"__symbolic":"method","decorators":[{"__symbolic":"call","expression":{"__symbolic":"reference","module":"@ionic-native/core","name":"CordovaCheck","line":839,"character":3}}]}],"copyDir":[{"__symbolic":"method","decorators":[{"__symbolic":"call","expression":{"__symbolic":"reference","module":"@ionic-native/core","name":"CordovaCheck","line":874,"character":3}}]}],"listDir":[{"__symbolic":"method","decorators":[{"__symbolic":"call","expression":{"__symbolic":"reference","module":"@ionic-native/core","name":"CordovaCheck","line":905,"character":3}}]}],"removeRecursively":[{"__symbolic":"method","decorators":[{"__symbolic":"call","expression":{"__symbolic":"reference","module":"@ionic-native/core","name":"CordovaCheck","line":933,"character":3}}]}],"checkFile":[{"__symbolic":"method","decorators":[{"__symbolic":"call","expression":{"__symbolic":"reference","module":"@ionic-native/core","name":"CordovaCheck","line":957,"character":3}}]}],"createFile":[{"__symbolic":"method","decorators":[{"__symbolic":"call","expression":{"__symbolic":"reference","module":"@ionic-native/core","name":"CordovaCheck","line":986,"character":3}}]}],"removeFile":[{"__symbolic":"method","decorators":[{"__symbolic":"call","expression":{"__symbolic":"reference","module":"@ionic-native/core","name":"CordovaCheck","line":1018,"character":3}}]}],"writeFile":[{"__symbolic":"method","decorators":[{"__symbolic":"call","expression":{"__symbolic":"reference","module":"@ionic-native/core","name":"CordovaCheck","line":1043,"character":3}}]}],"writeFileEntry":[{"__symbolic":"method"}],"writeExistingFile":[{"__symbolic":"method","decorators":[{"__symbolic":"call","expression":{"__symbolic":"reference","module":"@ionic-native/core","name":"CordovaCheck","line":1105,"character":3}}]}],"readAsText":[{"__symbolic":"method","decorators":[{"__symbolic":"call","expression":{"__symbolic":"reference","module":"@ionic-native/core","name":"CordovaCheck","line":1121,"character":3}}]}],"readAsDataURL":[{"__symbolic":"method","decorators":[{"__symbolic":"call","expression":{"__symbolic":"reference","module":"@ionic-native/core","name":"CordovaCheck","line":1135,"character":3}}]}],"readAsBinaryString":[{"__symbolic":"method","decorators":[{"__symbolic":"call","expression":{"__symbolic":"reference","module":"@ionic-native/core","name":"CordovaCheck","line":1146,"character":3}}]}],"readAsArrayBuffer":[{"__symbolic":"method","decorators":[{"__symbolic":"call","expression":{"__symbolic":"reference","module":"@ionic-native/core","name":"CordovaCheck","line":1157,"character":3}}]}],"readFile":[{"__symbolic":"method"}],"moveFile":[{"__symbolic":"method","decorators":[{"__symbolic":"call","expression":{"__symbolic":"reference","module":"@ionic-native/core","name":"CordovaCheck","line":1211,"character":3}}]}],"copyFile":[{"__symbolic":"method","decorators":[{"__symbolic":"call","expression":{"__symbolic":"reference","module":"@ionic-native/core","name":"CordovaCheck","line":1246,"character":3}}]}],"fillErrorMessage":[{"__symbolic":"method"}],"resolveLocalFilesystemUrl":[{"__symbolic":"method","decorators":[{"__symbolic":"call","expression":{"__symbolic":"reference","module":"@ionic-native/core","name":"CordovaCheck","line":1286,"character":3}}]}],"resolveDirectoryUrl":[{"__symbolic":"method","decorators":[{"__symbolic":"call","expression":{"__symbolic":"reference","module":"@ionic-native/core","name":"CordovaCheck","line":1312,"character":3}}]}],"getDirectory":[{"__symbolic":"method","decorators":[{"__symbolic":"call","expression":{"__symbolic":"reference","module":"@ionic-native/core","name":"CordovaCheck","line":1332,"character":3}}]}],"getFile":[{"__symbolic":"method","decorators":[{"__symbolic":"call","expression":{"__symbolic":"reference","module":"@ionic-native/core","name":"CordovaCheck","line":1365,"character":3}}]}],"remove":[{"__symbolic":"method"}],"move":[{"__symbolic":"method"}],"copy":[{"__symbolic":"method"}],"readEntries":[{"__symbolic":"method"}],"rimraf":[{"__symbolic":"method"}],"createWriter":[{"__symbolic":"method"}],"write":[{"__symbolic":"method"}],"writeFileInChunks":[{"__symbolic":"method"}]}}}}]