{"moduleName":null,"summaries":[{"symbol":{"__symbol":0,"members":[]},"metadata":{"__symbolic":"interface"}},{"symbol":{"__symbol":1,"members":[]},"metadata":{"__symbolic":"interface"}},{"symbol":{"__symbol":2,"members":[]},"metadata":{"__symbolic":"interface"}},{"symbol":{"__symbol":3,"members":[]},"metadata":{"__symbolic":"interface"}},{"symbol":{"__symbol":4,"members":[]},"metadata":{"__symbolic":"interface"}},{"symbol":{"__symbol":5,"members":[]},"metadata":{"__symbolic":"interface"}},{"symbol":{"__symbol":6,"members":[]},"metadata":{"__symbolic":"interface"}},{"symbol":{"__symbol":7,"members":[]},"metadata":{"__symbolic":"interface"}},{"symbol":{"__symbol":8,"members":[]},"metadata":{"__symbolic":"interface"}},{"symbol":{"__symbol":9,"members":[]},"metadata":{"__symbolic":"interface"}},{"symbol":{"__symbol":10,"members":[]},"metadata":{"__symbolic":"interface"}},{"symbol":{"__symbol":11,"members":[]},"metadata":{"__symbolic":"interface"}},{"symbol":{"__symbol":12,"members":[]},"metadata":{"__symbolic":"interface"}},{"symbol":{"__symbol":13,"members":[]},"metadata":{"__symbolic":"interface"}},{"symbol":{"__symbol":14,"members":[]},"metadata":{"__symbolic":"interface"}},{"symbol":{"__symbol":15,"members":[]},"metadata":{"__symbolic":"interface"}},{"symbol":{"__symbol":16,"members":[]},"metadata":{"__symbolic":"interface"}},{"symbol":{"__symbol":17,"members":[]},"metadata":{"__symbolic":"interface"}},{"symbol":{"__symbol":18,"members":[]},"metadata":{"__symbolic":"interface"}},{"symbol":{"__symbol":19,"members":[]},"metadata":{"__symbolic":"interface"}},{"symbol":{"__symbol":20,"members":[]},"metadata":{"__symbolic":"class","members":{"__ctor__":[{"__symbolic":"constructor","parameters":[{"__symbolic":"error","message":"Could not resolve type","line":431,"character":20,"context":{"typeName":"Blob"},"fileName":"src\\@ionic-native\\plugins\\file\\index.ts"}]}],"abort":[{"__symbolic":"method"}]}}},{"symbol":{"__symbol":21,"members":[]},"metadata":{"__symbolic":"class","extends":{"__symbol":20,"members":[]},"members":{"write":[{"__symbolic":"method"}],"seek":[{"__symbolic":"method"}],"truncate":[{"__symbolic":"method"}]}}},{"symbol":{"__symbol":22,"members":[]},"metadata":{"__symbolic":"interface"}},{"symbol":{"__symbol":23,"members":[]},"metadata":{"__symbolic":"class","members":{"__ctor__":[{"__symbolic":"constructor","parameters":[null]}]},"statics":{"NOT_FOUND_ERR":{"__symbolic":"error","message":"Variable not initialized","line":558,"character":9,"fileName":"src\\@ionic-native\\plugins\\file\\index.ts"},"SECURITY_ERR":{"__symbolic":"error","message":"Variable not initialized","line":559,"character":9,"fileName":"src\\@ionic-native\\plugins\\file\\index.ts"},"ABORT_ERR":{"__symbolic":"error","message":"Variable not initialized","line":560,"character":9,"fileName":"src\\@ionic-native\\plugins\\file\\index.ts"},"NOT_READABLE_ERR":{"__symbolic":"error","message":"Variable not initialized","line":561,"character":9,"fileName":"src\\@ionic-native\\plugins\\file\\index.ts"},"ENCODING_ERR":{"__symbolic":"error","message":"Variable not initialized","line":562,"character":9,"fileName":"src\\@ionic-native\\plugins\\file\\index.ts"},"NO_MODIFICATION_ALLOWED_ERR":{"__symbolic":"error","message":"Variable not initialized","line":563,"character":9,"fileName":"src\\@ionic-native\\plugins\\file\\index.ts"},"INVALID_STATE_ERR":{"__symbolic":"error","message":"Variable not initialized","line":564,"character":9,"fileName":"src\\@ionic-native\\plugins\\file\\index.ts"},"SYNTAX_ERR":{"__symbolic":"error","message":"Variable not initialized","line":565,"character":9,"fileName":"src\\@ionic-native\\plugins\\file\\index.ts"},"INVALID_MODIFICATION_ERR":{"__symbolic":"error","message":"Variable not initialized","line":566,"character":9,"fileName":"src\\@ionic-native\\plugins\\file\\index.ts"},"QUOTA_EXCEEDED_ERR":{"__symbolic":"error","message":"Variable not initialized","line":567,"character":9,"fileName":"src\\@ionic-native\\plugins\\file\\index.ts"},"TYPE_MISMATCH_ERR":{"__symbolic":"error","message":"Variable not initialized","line":568,"character":9,"fileName":"src\\@ionic-native\\plugins\\file\\index.ts"},"PATH_EXISTS_ERR":{"__symbolic":"error","message":"Variable not initialized","line":569,"character":9,"fileName":"src\\@ionic-native\\plugins\\file\\index.ts"}}}},{"symbol":{"__symbol":24,"members":[]},"metadata":{"__symbolic":"class","members":{"abort":[{"__symbolic":"method"}],"readAsText":[{"__symbolic":"method"}],"readAsDataURL":[{"__symbolic":"method"}],"readAsBinaryString":[{"__symbolic":"method"}],"readAsArrayBuffer":[{"__symbolic":"method"}]},"statics":{"EMPTY":{"__symbolic":"error","message":"Variable not initialized","line":577,"character":9,"fileName":"src\\@ionic-native\\plugins\\file\\index.ts"},"LOADING":{"__symbolic":"error","message":"Variable not initialized","line":578,"character":9,"fileName":"src\\@ionic-native\\plugins\\file\\index.ts"},"DONE":{"__symbolic":"error","message":"Variable not initialized","line":579,"character":9,"fileName":"src\\@ionic-native\\plugins\\file\\index.ts"},"READ_CHUNK_SIZE":{"__symbolic":"error","message":"Variable not initialized","line":580,"character":9,"fileName":"src\\@ionic-native\\plugins\\file\\index.ts"}}}},{"symbol":{"__symbol":25,"members":[]},"metadata":{"__symbolic":"class","extends":{"__symbolic":"resolved","symbol":{"__symbol":26,"members":[]},"line":648,"character":26,"fileName":"src\\@ionic-native\\plugins\\file\\index.ts"},"members":{"applicationDirectory":[{"__symbolic":"property","decorators":[{"__symbolic":"resolved","symbol":{"__symbol":27,"members":[]},"line":652,"character":3,"fileName":"src\\@ionic-native\\plugins\\file\\index.ts"}]}],"applicationStorageDirectory":[{"__symbolic":"property","decorators":[{"__symbolic":"resolved","symbol":{"__symbol":27,"members":[]},"line":658,"character":3,"fileName":"src\\@ionic-native\\plugins\\file\\index.ts"}]}],"dataDirectory":[{"__symbolic":"property","decorators":[{"__symbolic":"resolved","symbol":{"__symbol":27,"members":[]},"line":664,"character":3,"fileName":"src\\@ionic-native\\plugins\\file\\index.ts"}]}],"cacheDirectory":[{"__symbolic":"property","decorators":[{"__symbolic":"resolved","symbol":{"__symbol":27,"members":[]},"line":671,"character":3,"fileName":"src\\@ionic-native\\plugins\\file\\index.ts"}]}],"externalApplicationStorageDirectory":[{"__symbolic":"property","decorators":[{"__symbolic":"resolved","symbol":{"__symbol":27,"members":[]},"line":677,"character":3,"fileName":"src\\@ionic-native\\plugins\\file\\index.ts"}]}],"externalDataDirectory":[{"__symbolic":"property","decorators":[{"__symbolic":"resolved","symbol":{"__symbol":27,"members":[]},"line":683,"character":3,"fileName":"src\\@ionic-native\\plugins\\file\\index.ts"}]}],"externalCacheDirectory":[{"__symbolic":"property","decorators":[{"__symbolic":"resolved","symbol":{"__symbol":27,"members":[]},"line":689,"character":3,"fileName":"src\\@ionic-native\\plugins\\file\\index.ts"}]}],"externalRootDirectory":[{"__symbolic":"property","decorators":[{"__symbolic":"resolved","symbol":{"__symbol":27,"members":[]},"line":695,"character":3,"fileName":"src\\@ionic-native\\plugins\\file\\index.ts"}]}],"tempDirectory":[{"__symbolic":"property","decorators":[{"__symbolic":"resolved","symbol":{"__symbol":27,"members":[]},"line":701,"character":3,"fileName":"src\\@ionic-native\\plugins\\file\\index.ts"}]}],"syncedDataDirectory":[{"__symbolic":"property","decorators":[{"__symbolic":"resolved","symbol":{"__symbol":27,"members":[]},"line":707,"character":3,"fileName":"src\\@ionic-native\\plugins\\file\\index.ts"}]}],"documentsDirectory":[{"__symbolic":"property","decorators":[{"__symbolic":"resolved","symbol":{"__symbol":27,"members":[]},"line":713,"character":3,"fileName":"src\\@ionic-native\\plugins\\file\\index.ts"}]}],"sharedDirectory":[{"__symbolic":"property","decorators":[{"__symbolic":"resolved","symbol":{"__symbol":27,"members":[]},"line":719,"character":3,"fileName":"src\\@ionic-native\\plugins\\file\\index.ts"}]}],"getFreeDiskSpace":[{"__symbolic":"method","decorators":[{"__symbolic":"call","expression":{"__symbolic":"resolved","symbol":{"__symbol":28,"members":[]},"line":743,"character":3,"fileName":"src\\@ionic-native\\plugins\\file\\index.ts"}}]}],"checkDir":[{"__symbolic":"method","decorators":[{"__symbolic":"call","expression":{"__symbolic":"resolved","symbol":{"__symbol":28,"members":[]},"line":757,"character":3,"fileName":"src\\@ionic-native\\plugins\\file\\index.ts"}}]}],"createDir":[{"__symbolic":"method","decorators":[{"__symbolic":"call","expression":{"__symbolic":"resolved","symbol":{"__symbol":28,"members":[]},"line":781,"character":3,"fileName":"src\\@ionic-native\\plugins\\file\\index.ts"}}]}],"removeDir":[{"__symbolic":"method","decorators":[{"__symbolic":"call","expression":{"__symbolic":"resolved","symbol":{"__symbol":28,"members":[]},"line":813,"character":3,"fileName":"src\\@ionic-native\\plugins\\file\\index.ts"}}]}],"moveDir":[{"__symbolic":"method","decorators":[{"__symbolic":"call","expression":{"__symbolic":"resolved","symbol":{"__symbol":28,"members":[]},"line":839,"character":3,"fileName":"src\\@ionic-native\\plugins\\file\\index.ts"}}]}],"copyDir":[{"__symbolic":"method","decorators":[{"__symbolic":"call","expression":{"__symbolic":"resolved","symbol":{"__symbol":28,"members":[]},"line":874,"character":3,"fileName":"src\\@ionic-native\\plugins\\file\\index.ts"}}]}],"listDir":[{"__symbolic":"method","decorators":[{"__symbolic":"call","expression":{"__symbolic":"resolved","symbol":{"__symbol":28,"members":[]},"line":905,"character":3,"fileName":"src\\@ionic-native\\plugins\\file\\index.ts"}}]}],"removeRecursively":[{"__symbolic":"method","decorators":[{"__symbolic":"call","expression":{"__symbolic":"resolved","symbol":{"__symbol":28,"members":[]},"line":933,"character":3,"fileName":"src\\@ionic-native\\plugins\\file\\index.ts"}}]}],"checkFile":[{"__symbolic":"method","decorators":[{"__symbolic":"call","expression":{"__symbolic":"resolved","symbol":{"__symbol":28,"members":[]},"line":957,"character":3,"fileName":"src\\@ionic-native\\plugins\\file\\index.ts"}}]}],"createFile":[{"__symbolic":"method","decorators":[{"__symbolic":"call","expression":{"__symbolic":"resolved","symbol":{"__symbol":28,"members":[]},"line":986,"character":3,"fileName":"src\\@ionic-native\\plugins\\file\\index.ts"}}]}],"removeFile":[{"__symbolic":"method","decorators":[{"__symbolic":"call","expression":{"__symbolic":"resolved","symbol":{"__symbol":28,"members":[]},"line":1018,"character":3,"fileName":"src\\@ionic-native\\plugins\\file\\index.ts"}}]}],"writeFile":[{"__symbolic":"method","decorators":[{"__symbolic":"call","expression":{"__symbolic":"resolved","symbol":{"__symbol":28,"members":[]},"line":1043,"character":3,"fileName":"src\\@ionic-native\\plugins\\file\\index.ts"}}]}],"writeFileEntry":[{"__symbolic":"method"}],"writeExistingFile":[{"__symbolic":"method","decorators":[{"__symbolic":"call","expression":{"__symbolic":"resolved","symbol":{"__symbol":28,"members":[]},"line":1105,"character":3,"fileName":"src\\@ionic-native\\plugins\\file\\index.ts"}}]}],"readAsText":[{"__symbolic":"method","decorators":[{"__symbolic":"call","expression":{"__symbolic":"resolved","symbol":{"__symbol":28,"members":[]},"line":1121,"character":3,"fileName":"src\\@ionic-native\\plugins\\file\\index.ts"}}]}],"readAsDataURL":[{"__symbolic":"method","decorators":[{"__symbolic":"call","expression":{"__symbolic":"resolved","symbol":{"__symbol":28,"members":[]},"line":1135,"character":3,"fileName":"src\\@ionic-native\\plugins\\file\\index.ts"}}]}],"readAsBinaryString":[{"__symbolic":"method","decorators":[{"__symbolic":"call","expression":{"__symbolic":"resolved","symbol":{"__symbol":28,"members":[]},"line":1146,"character":3,"fileName":"src\\@ionic-native\\plugins\\file\\index.ts"}}]}],"readAsArrayBuffer":[{"__symbolic":"method","decorators":[{"__symbolic":"call","expression":{"__symbolic":"resolved","symbol":{"__symbol":28,"members":[]},"line":1157,"character":3,"fileName":"src\\@ionic-native\\plugins\\file\\index.ts"}}]}],"readFile":[{"__symbolic":"method"}],"moveFile":[{"__symbolic":"method","decorators":[{"__symbolic":"call","expression":{"__symbolic":"resolved","symbol":{"__symbol":28,"members":[]},"line":1211,"character":3,"fileName":"src\\@ionic-native\\plugins\\file\\index.ts"}}]}],"copyFile":[{"__symbolic":"method","decorators":[{"__symbolic":"call","expression":{"__symbolic":"resolved","symbol":{"__symbol":28,"members":[]},"line":1246,"character":3,"fileName":"src\\@ionic-native\\plugins\\file\\index.ts"}}]}],"fillErrorMessage":[{"__symbolic":"method"}],"resolveLocalFilesystemUrl":[{"__symbolic":"method","decorators":[{"__symbolic":"call","expression":{"__symbolic":"resolved","symbol":{"__symbol":28,"members":[]},"line":1286,"character":3,"fileName":"src\\@ionic-native\\plugins\\file\\index.ts"}}]}],"resolveDirectoryUrl":[{"__symbolic":"method","decorators":[{"__symbolic":"call","expression":{"__symbolic":"resolved","symbol":{"__symbol":28,"members":[]},"line":1312,"character":3,"fileName":"src\\@ionic-native\\plugins\\file\\index.ts"}}]}],"getDirectory":[{"__symbolic":"method","decorators":[{"__symbolic":"call","expression":{"__symbolic":"resolved","symbol":{"__symbol":28,"members":[]},"line":1332,"character":3,"fileName":"src\\@ionic-native\\plugins\\file\\index.ts"}}]}],"getFile":[{"__symbolic":"method","decorators":[{"__symbolic":"call","expression":{"__symbolic":"resolved","symbol":{"__symbol":28,"members":[]},"line":1365,"character":3,"fileName":"src\\@ionic-native\\plugins\\file\\index.ts"}}]}],"remove":[{"__symbolic":"method"}],"move":[{"__symbolic":"method"}],"copy":[{"__symbolic":"method"}],"readEntries":[{"__symbolic":"method"}],"rimraf":[{"__symbolic":"method"}],"createWriter":[{"__symbolic":"method"}],"write":[{"__symbolic":"method"}],"writeFileInChunks":[{"__symbolic":"method"}]}},"type":{"summaryKind":3,"type":{"reference":{"__symbol":25,"members":[]},"diDeps":[],"lifecycleHooks":[]}}}],"symbols":[{"__symbol":0,"name":"IFile","filePath":"./index"},{"__symbol":1,"name":"LocalFileSystem","filePath":"./index"},{"__symbol":2,"name":"Metadata","filePath":"./index"},{"__symbol":3,"name":"Flags","filePath":"./index"},{"__symbol":4,"name":"FileSystem","filePath":"./index"},{"__symbol":5,"name":"Entry","filePath":"./index"},{"__symbol":6,"name":"DirectoryEntry","filePath":"./index"},{"__symbol":7,"name":"DirectoryReader","filePath":"./index"},{"__symbol":8,"name":"FileEntry","filePath":"./index"},{"__symbol":9,"name":"FileSystemCallback","filePath":"./index"},{"__symbol":10,"name":"EntryCallback","filePath":"./index"},{"__symbol":11,"name":"FileEntryCallback","filePath":"./index"},{"__symbol":12,"name":"DirectoryEntryCallback","filePath":"./index"},{"__symbol":13,"name":"EntriesCallback","filePath":"./index"},{"__symbol":14,"name":"MetadataCallback","filePath":"./index"},{"__symbol":15,"name":"FileWriterCallback","filePath":"./index"},{"__symbol":16,"name":"FileCallback","filePath":"./index"},{"__symbol":17,"name":"VoidCallback","filePath":"./index"},{"__symbol":18,"name":"ErrorCallback","filePath":"./index"},{"__symbol":19,"name":"RemoveResult","filePath":"./index"},{"__symbol":20,"name":"FileSaver","filePath":"./index"},{"__symbol":21,"name":"FileWriter","filePath":"./index"},{"__symbol":22,"name":"IWriteOptions","filePath":"./index"},{"__symbol":23,"name":"FileError","filePath":"./index"},{"__symbol":24,"name":"FileReader","filePath":"./index"},{"__symbol":25,"name":"File","filePath":"./index"},{"__symbol":26,"name":"IonicNativePlugin","filePath":"../../../../dist/@ionic-native/core/index"},{"__symbol":27,"name":"CordovaProperty","filePath":"../../../../dist/@ionic-native/core/index"},{"__symbol":28,"name":"CordovaCheck","filePath":"../../../../dist/@ionic-native/core/index"}]}