[{"__symbolic":"module","version":4,"metadata":{"AnyObject":{"__symbolic":"interface"},"WriteArticleOptions":{"__symbolic":"interface"},"WriteArticleResult":{"__symbolic":"interface"},"RichTextTopicConfig":{"__symbolic":"interface"},"RichText":{"__symbolic":"class","extends":{"__symbolic":"reference","module":"@ionic-native/core","name":"IonicNativePlugin","line":38,"character":30},"decorators":[{"__symbolic":"call","expression":{"__symbolic":"reference","module":"@ionic-native/core","name":"Plugin","line":27,"character":1},"arguments":[{"pluginName":"CDVRichText","plugin":"com.exe.CDVRichText","pluginRef":"exe.RichText","repo":"","install":"","installVariables":[],"platforms":["Android","iOS"]}]},{"__symbolic":"call","expression":{"__symbolic":"reference","module":"@angular/core","name":"Injectable","line":37,"character":1}}],"members":{"writeArticle":[{"__symbolic":"method","decorators":[{"__symbolic":"call","expression":{"__symbolic":"reference","module":"@ionic-native/core","name":"Cordova","line":39,"character":3},"arguments":[{"callbackOrder":"reverse"}]}]}],"exitWriting":[{"__symbolic":"method","decorators":[{"__symbolic":"call","expression":{"__symbolic":"reference","module":"@ionic-native/core","name":"Cordova","line":44,"character":3},"arguments":[{"callbackOrder":"reverse"}]}]}]}}}}]