{"moduleName":null,"summaries":[{"symbol":{"__symbol":0,"members":[]},"metadata":{"__symbolic":"interface"}},{"symbol":{"__symbol":1,"members":[]},"metadata":{"__symbolic":"interface"}},{"symbol":{"__symbol":2,"members":[]},"metadata":{"__symbolic":"interface"}},{"symbol":{"__symbol":3,"members":[]},"metadata":{"__symbolic":"interface"}},{"symbol":{"__symbol":4,"members":[]},"metadata":{"__symbolic":"class","extends":{"__symbolic":"resolved","symbol":{"__symbol":5,"members":[]},"line":38,"character":30,"fileName":"src\\@ionic-native\\plugins\\rich-text\\index.ts"},"members":{"writeArticle":[{"__symbolic":"method","decorators":[{"__symbolic":"call","expression":{"__symbolic":"resolved","symbol":{"__symbol":6,"members":[]},"line":39,"character":3,"fileName":"src\\@ionic-native\\plugins\\rich-text\\index.ts"},"arguments":[{"callbackOrder":"reverse"}]}]}],"exitWriting":[{"__symbolic":"method","decorators":[{"__symbolic":"call","expression":{"__symbolic":"resolved","symbol":{"__symbol":6,"members":[]},"line":44,"character":3,"fileName":"src\\@ionic-native\\plugins\\rich-text\\index.ts"},"arguments":[{"callbackOrder":"reverse"}]}]}]}},"type":{"summaryKind":3,"type":{"reference":{"__symbol":4,"members":[]},"diDeps":[],"lifecycleHooks":[]}}}],"symbols":[{"__symbol":0,"name":"AnyObject","filePath":"./index"},{"__symbol":1,"name":"WriteArticleOptions","filePath":"./index"},{"__symbol":2,"name":"WriteArticleResult","filePath":"./index"},{"__symbol":3,"name":"RichTextTopicConfig","filePath":"./index"},{"__symbol":4,"name":"RichText","filePath":"./index"},{"__symbol":5,"name":"IonicNativePlugin","filePath":"../../../../dist/@ionic-native/core/index"},{"__symbol":6,"name":"Cordova","filePath":"../../../../dist/@ionic-native/core/index"}]}