[{"__symbolic":"module","version":4,"metadata":{"OrientationType":{"portrait":0,"auto":1,"landscape":2},"OpenLinkOptions":{"__symbolic":"interface"},"LaunchAppOptions":{"__symbolic":"interface"},"NavbarOptions":{"__symbolic":"interface"},"OpenDocumentOptions":{"__symbolic":"interface"},"PlayMediaOptions":{"__symbolic":"interface"},"AppPlatform":{"__symbolic":"class","extends":{"__symbolic":"reference","module":"@ionic-native/core","name":"IonicNativePlugin","line":45,"character":33},"decorators":[{"__symbolic":"call","expression":{"__symbolic":"reference","module":"@ionic-native/core","name":"Plugin","line":38,"character":1},"arguments":[{"pluginName":"AppPlatform","plugin":"cordova-plugin-app-platform","pluginRef":"exe.AppPlatform","platforms":["Android","iOS","Embeded"]}]},{"__symbolic":"call","expression":{"__symbolic":"reference","module":"@angular/core","name":"Injectable","line":44,"character":1}}],"members":{"checkInstalledApps":[{"__symbolic":"method","decorators":[{"__symbolic":"call","expression":{"__symbolic":"reference","module":"@ionic-native/core","name":"Cordova","line":52,"character":3}}]}],"close":[{"__symbolic":"method","decorators":[{"__symbolic":"call","expression":{"__symbolic":"reference","module":"@ionic-native/core","name":"Cordova","line":61,"character":3}}]}],"launchApp":[{"__symbolic":"method","decorators":[{"__symbolic":"call","expression":{"__symbolic":"reference","module":"@ionic-native/core","name":"Cordova","line":70,"character":3}}]}],"openLink":[{"__symbolic":"method","decorators":[{"__symbolic":"call","expression":{"__symbolic":"reference","module":"@ionic-native/core","name":"Cordova","line":79,"character":3}}]}],"toggleNavBar":[{"__symbolic":"method","decorators":[{"__symbolic":"call","expression":{"__symbolic":"reference","module":"@ionic-native/core","name":"Cordova","line":88,"character":3}}]}],"configNavBar":[{"__symbolic":"method","decorators":[{"__symbolic":"call","expression":{"__symbolic":"reference","module":"@ionic-native/core","name":"Cordova","line":97,"character":3}}]}],"toggleFloatButton":[{"__symbolic":"method","decorators":[{"__symbolic":"call","expression":{"__symbolic":"reference","module":"@ionic-native/core","name":"Cordova","line":107,"character":3}}]}],"getDimensions":[{"__symbolic":"method","decorators":[{"__symbolic":"call","expression":{"__symbolic":"reference","module":"@ionic-native/core","name":"Cordova","line":117,"character":3}}]}],"setOrientation":[{"__symbolic":"method","decorators":[{"__symbolic":"call","expression":{"__symbolic":"reference","module":"@ionic-native/core","name":"Cordova","line":127,"character":3}}]}],"setStorage":[{"__symbolic":"method","decorators":[{"__symbolic":"call","expression":{"__symbolic":"reference","module":"@ionic-native/core","name":"Cordova","line":138,"character":3}}]}],"getStorage":[{"__symbolic":"method","decorators":[{"__symbolic":"call","expression":{"__symbolic":"reference","module":"@ionic-native/core","name":"Cordova","line":148,"character":3}}]}],"openDocument":[{"__symbolic":"method","decorators":[{"__symbolic":"call","expression":{"__symbolic":"reference","module":"@ionic-native/core","name":"Cordova","line":158,"character":3}}]}],"playMedia":[{"__symbolic":"method","decorators":[{"__symbolic":"call","expression":{"__symbolic":"reference","module":"@ionic-native/core","name":"Cordova","line":167,"character":3}}]}],"auth":[{"__symbolic":"method","decorators":[{"__symbolic":"call","expression":{"__symbolic":"reference","module":"@ionic-native/core","name":"Cordova","line":175,"character":3}}]}]}}}}]