{"moduleName":null,"summaries":[{"symbol":{"__symbol":0,"members":[]},"metadata":{"portrait":0,"auto":1,"landscape":2}},{"symbol":{"__symbol":1,"members":[]},"metadata":{"__symbolic":"interface"}},{"symbol":{"__symbol":2,"members":[]},"metadata":{"__symbolic":"interface"}},{"symbol":{"__symbol":3,"members":[]},"metadata":{"__symbolic":"interface"}},{"symbol":{"__symbol":4,"members":[]},"metadata":{"__symbolic":"interface"}},{"symbol":{"__symbol":5,"members":[]},"metadata":{"__symbolic":"interface"}},{"symbol":{"__symbol":6,"members":[]},"metadata":{"__symbolic":"class","extends":{"__symbolic":"resolved","symbol":{"__symbol":7,"members":[]},"line":45,"character":33,"fileName":"src\\@ionic-native\\plugins\\app-platform\\index.ts"},"members":{"checkInstalledApps":[{"__symbolic":"method","decorators":[{"__symbolic":"call","expression":{"__symbolic":"resolved","symbol":{"__symbol":8,"members":[]},"line":52,"character":3,"fileName":"src\\@ionic-native\\plugins\\app-platform\\index.ts"}}]}],"close":[{"__symbolic":"method","decorators":[{"__symbolic":"call","expression":{"__symbolic":"resolved","symbol":{"__symbol":8,"members":[]},"line":61,"character":3,"fileName":"src\\@ionic-native\\plugins\\app-platform\\index.ts"}}]}],"launchApp":[{"__symbolic":"method","decorators":[{"__symbolic":"call","expression":{"__symbolic":"resolved","symbol":{"__symbol":8,"members":[]},"line":70,"character":3,"fileName":"src\\@ionic-native\\plugins\\app-platform\\index.ts"}}]}],"openLink":[{"__symbolic":"method","decorators":[{"__symbolic":"call","expression":{"__symbolic":"resolved","symbol":{"__symbol":8,"members":[]},"line":79,"character":3,"fileName":"src\\@ionic-native\\plugins\\app-platform\\index.ts"}}]}],"toggleNavBar":[{"__symbolic":"method","decorators":[{"__symbolic":"call","expression":{"__symbolic":"resolved","symbol":{"__symbol":8,"members":[]},"line":88,"character":3,"fileName":"src\\@ionic-native\\plugins\\app-platform\\index.ts"}}]}],"configNavBar":[{"__symbolic":"method","decorators":[{"__symbolic":"call","expression":{"__symbolic":"resolved","symbol":{"__symbol":8,"members":[]},"line":97,"character":3,"fileName":"src\\@ionic-native\\plugins\\app-platform\\index.ts"}}]}],"toggleFloatButton":[{"__symbolic":"method","decorators":[{"__symbolic":"call","expression":{"__symbolic":"resolved","symbol":{"__symbol":8,"members":[]},"line":107,"character":3,"fileName":"src\\@ionic-native\\plugins\\app-platform\\index.ts"}}]}],"getDimensions":[{"__symbolic":"method","decorators":[{"__symbolic":"call","expression":{"__symbolic":"resolved","symbol":{"__symbol":8,"members":[]},"line":117,"character":3,"fileName":"src\\@ionic-native\\plugins\\app-platform\\index.ts"}}]}],"setOrientation":[{"__symbolic":"method","decorators":[{"__symbolic":"call","expression":{"__symbolic":"resolved","symbol":{"__symbol":8,"members":[]},"line":127,"character":3,"fileName":"src\\@ionic-native\\plugins\\app-platform\\index.ts"}}]}],"setStorage":[{"__symbolic":"method","decorators":[{"__symbolic":"call","expression":{"__symbolic":"resolved","symbol":{"__symbol":8,"members":[]},"line":138,"character":3,"fileName":"src\\@ionic-native\\plugins\\app-platform\\index.ts"}}]}],"getStorage":[{"__symbolic":"method","decorators":[{"__symbolic":"call","expression":{"__symbolic":"resolved","symbol":{"__symbol":8,"members":[]},"line":148,"character":3,"fileName":"src\\@ionic-native\\plugins\\app-platform\\index.ts"}}]}],"openDocument":[{"__symbolic":"method","decorators":[{"__symbolic":"call","expression":{"__symbolic":"resolved","symbol":{"__symbol":8,"members":[]},"line":158,"character":3,"fileName":"src\\@ionic-native\\plugins\\app-platform\\index.ts"}}]}],"playMedia":[{"__symbolic":"method","decorators":[{"__symbolic":"call","expression":{"__symbolic":"resolved","symbol":{"__symbol":8,"members":[]},"line":167,"character":3,"fileName":"src\\@ionic-native\\plugins\\app-platform\\index.ts"}}]}],"auth":[{"__symbolic":"method","decorators":[{"__symbolic":"call","expression":{"__symbolic":"resolved","symbol":{"__symbol":8,"members":[]},"line":175,"character":3,"fileName":"src\\@ionic-native\\plugins\\app-platform\\index.ts"}}]}]}},"type":{"summaryKind":3,"type":{"reference":{"__symbol":6,"members":[]},"diDeps":[],"lifecycleHooks":[]}}}],"symbols":[{"__symbol":0,"name":"OrientationType","filePath":"./index"},{"__symbol":1,"name":"OpenLinkOptions","filePath":"./index"},{"__symbol":2,"name":"LaunchAppOptions","filePath":"./index"},{"__symbol":3,"name":"NavbarOptions","filePath":"./index"},{"__symbol":4,"name":"OpenDocumentOptions","filePath":"./index"},{"__symbol":5,"name":"PlayMediaOptions","filePath":"./index"},{"__symbol":6,"name":"AppPlatform","filePath":"./index"},{"__symbol":7,"name":"IonicNativePlugin","filePath":"../../../../dist/@ionic-native/core/index"},{"__symbol":8,"name":"Cordova","filePath":"../../../../dist/@ionic-native/core/index"}]}