[{"__symbolic":"module","version":4,"metadata":{"ExePayCallParams":{"__symbolic":"interface"},"ExePayOptions":{"__symbolic":"interface"},"Pay":{"__symbolic":"class","extends":{"__symbolic":"reference","module":"@ionic-native/core","name":"IonicNativePlugin","line":32,"character":25},"decorators":[{"__symbolic":"call","expression":{"__symbolic":"reference","module":"@ionic-native/core","name":"Plugin","line":21,"character":1},"arguments":[{"pluginName":"ExePayPlugin","plugin":"com.exe.CDVPay","pluginRef":"exe.Pay","repo":"","install":"","installVariables":[],"platforms":["Android","iOS"]}]},{"__symbolic":"call","expression":{"__symbolic":"reference","module":"@angular/core","name":"Injectable","line":31,"character":1}}],"members":{"Pay":[{"__symbolic":"method","decorators":[{"__symbolic":"call","expression":{"__symbolic":"reference","module":"@ionic-native/core","name":"Cordova","line":33,"character":3},"arguments":[{"sync":true}]}]}]}}}}]