[{"__symbolic":"module","version":4,"metadata":{"InAppBrowserOptions":{"__symbolic":"interface"},"InAppBrowserEvent":{"__symbolic":"interface"},"InAppBrowserObject":{"__symbolic":"class","members":{"__ctor__":[{"__symbolic":"constructor","parameters":[{"__symbolic":"reference","name":"string"},{"__symbolic":"reference","name":"string"},{"__symbolic":"reference","name":"string"}]}],"show":[{"__symbolic":"method","decorators":[{"__symbolic":"call","expression":{"__symbolic":"reference","module":"@ionic-native/core","name":"CordovaInstance","line":142,"character":3},"arguments":[{"sync":true}]}]}],"close":[{"__symbolic":"method","decorators":[{"__symbolic":"call","expression":{"__symbolic":"reference","module":"@ionic-native/core","name":"CordovaInstance","line":148,"character":3},"arguments":[{"sync":true}]}]}],"hide":[{"__symbolic":"method","decorators":[{"__symbolic":"call","expression":{"__symbolic":"reference","module":"@ionic-native/core","name":"CordovaInstance","line":155,"character":3},"arguments":[{"sync":true}]}]}],"executeScript":[{"__symbolic":"method","decorators":[{"__symbolic":"call","expression":{"__symbolic":"reference","module":"@ionic-native/core","name":"CordovaInstance","line":163,"character":3}}]}],"insertCSS":[{"__symbolic":"method","decorators":[{"__symbolic":"call","expression":{"__symbolic":"reference","module":"@ionic-native/core","name":"CordovaInstance","line":173,"character":3}}]}],"on":[{"__symbolic":"method","decorators":[{"__symbolic":"call","expression":{"__symbolic":"reference","module":"@ionic-native/core","name":"InstanceCheck","line":183,"character":3}}]}]}},"InAppBrowser":{"__symbolic":"class","extends":{"__symbolic":"reference","module":"@ionic-native/core","name":"IonicNativePlugin","line":241,"character":34},"decorators":[{"__symbolic":"call","expression":{"__symbolic":"reference","module":"@ionic-native/core","name":"Plugin","line":232,"character":1},"arguments":[{"pluginName":"InAppBrowser","plugin":"cordova-plugin-inappbrowser","pluginRef":"exe.InAppBrowser","repo":"https://github.com/apache/cordova-plugin-inappbrowser","platforms":["AmazonFire OS","Android","Browser","iOS","macOS","Windows"]}]},{"__symbolic":"call","expression":{"__symbolic":"reference","module":"@angular/core","name":"Injectable","line":240,"character":1}}],"members":{"create":[{"__symbolic":"method"}]}}}}]