{"moduleName":null,"summaries":[{"symbol":{"__symbol":0,"members":[]},"metadata":{"__symbolic":"interface"}},{"symbol":{"__symbol":1,"members":[]},"metadata":{"__symbolic":"interface"}},{"symbol":{"__symbol":2,"members":[]},"metadata":{"__symbolic":"class","members":{"__ctor__":[{"__symbolic":"constructor","parameters":[null,null,null]}],"show":[{"__symbolic":"method","decorators":[{"__symbolic":"call","expression":{"__symbolic":"resolved","symbol":{"__symbol":3,"members":[]},"line":142,"character":3,"fileName":"src\\@ionic-native\\plugins\\in-app-browser\\index.ts"},"arguments":[{"sync":true}]}]}],"close":[{"__symbolic":"method","decorators":[{"__symbolic":"call","expression":{"__symbolic":"resolved","symbol":{"__symbol":3,"members":[]},"line":148,"character":3,"fileName":"src\\@ionic-native\\plugins\\in-app-browser\\index.ts"},"arguments":[{"sync":true}]}]}],"hide":[{"__symbolic":"method","decorators":[{"__symbolic":"call","expression":{"__symbolic":"resolved","symbol":{"__symbol":3,"members":[]},"line":155,"character":3,"fileName":"src\\@ionic-native\\plugins\\in-app-browser\\index.ts"},"arguments":[{"sync":true}]}]}],"executeScript":[{"__symbolic":"method","decorators":[{"__symbolic":"call","expression":{"__symbolic":"resolved","symbol":{"__symbol":3,"members":[]},"line":163,"character":3,"fileName":"src\\@ionic-native\\plugins\\in-app-browser\\index.ts"}}]}],"insertCSS":[{"__symbolic":"method","decorators":[{"__symbolic":"call","expression":{"__symbolic":"resolved","symbol":{"__symbol":3,"members":[]},"line":173,"character":3,"fileName":"src\\@ionic-native\\plugins\\in-app-browser\\index.ts"}}]}],"on":[{"__symbolic":"method","decorators":[{"__symbolic":"call","expression":{"__symbolic":"resolved","symbol":{"__symbol":4,"members":[]},"line":183,"character":3,"fileName":"src\\@ionic-native\\plugins\\in-app-browser\\index.ts"}}]}]}}},{"symbol":{"__symbol":5,"members":[]},"metadata":{"__symbolic":"class","extends":{"__symbolic":"resolved","symbol":{"__symbol":6,"members":[]},"line":241,"character":34,"fileName":"src\\@ionic-native\\plugins\\in-app-browser\\index.ts"},"members":{"create":[{"__symbolic":"method"}]}},"type":{"summaryKind":3,"type":{"reference":{"__symbol":5,"members":[]},"diDeps":[],"lifecycleHooks":[]}}}],"symbols":[{"__symbol":0,"name":"InAppBrowserOptions","filePath":"./index"},{"__symbol":1,"name":"InAppBrowserEvent","filePath":"./index"},{"__symbol":2,"name":"InAppBrowserObject","filePath":"./index"},{"__symbol":3,"name":"CordovaInstance","filePath":"../../../../dist/@ionic-native/core/index"},{"__symbol":4,"name":"InstanceCheck","filePath":"../../../../dist/@ionic-native/core/index"},{"__symbol":5,"name":"InAppBrowser","filePath":"./index"},{"__symbol":6,"name":"IonicNativePlugin","filePath":"../../../../dist/@ionic-native/core/index"}]}