[{"__symbolic":"module","version":4,"metadata":{"UpdateAppInfo":{"__symbolic":"class","extends":{"__symbolic":"reference","module":"@ionic-native/core","name":"IonicNativePlugin","line":15,"character":35},"decorators":[{"__symbolic":"call","expression":{"__symbolic":"reference","module":"@ionic-native/core","name":"Plugin","line":3,"character":1},"arguments":[{"pluginName":"UpdateAppInfo","plugin":"com.exe.CDVUpdatePlugin","pluginRef":"exe.UpdateAppInfo","repo":"http://192.168.30.8:10080/exe-front/cordova-plugins/tree/master/com.exe.CDVUpdatePlugin","install":"","installVariables":[],"platforms":["iOS"]}]},{"__symbolic":"call","expression":{"__symbolic":"reference","module":"@angular/core","name":"Injectable","line":14,"character":1}}],"members":{"checkUpdate":[{"__symbolic":"method","decorators":[{"__symbolic":"call","expression":{"__symbolic":"reference","module":"@ionic-native/core","name":"Cordova","line":16,"character":3}}]}],"updateTenant":[{"__symbolic":"method","decorators":[{"__symbolic":"call","expression":{"__symbolic":"reference","module":"@ionic-native/core","name":"Cordova","line":21,"character":3}}]}],"upgradeHtml":[{"__symbolic":"method","decorators":[{"__symbolic":"call","expression":{"__symbolic":"reference","module":"@ionic-native/core","name":"Cordova","line":26,"character":3}}]}]}}}}]