{"moduleName":null,"summaries":[{"symbol":{"__symbol":0,"members":[]},"metadata":{"__symbolic":"class","extends":{"__symbolic":"resolved","symbol":{"__symbol":1,"members":[]},"line":15,"character":35,"fileName":"src\\@ionic-native\\plugins\\update-app-info\\index.ts"},"members":{"checkUpdate":[{"__symbolic":"method","decorators":[{"__symbolic":"call","expression":{"__symbolic":"resolved","symbol":{"__symbol":2,"members":[]},"line":16,"character":3,"fileName":"src\\@ionic-native\\plugins\\update-app-info\\index.ts"}}]}],"updateTenant":[{"__symbolic":"method","decorators":[{"__symbolic":"call","expression":{"__symbolic":"resolved","symbol":{"__symbol":2,"members":[]},"line":21,"character":3,"fileName":"src\\@ionic-native\\plugins\\update-app-info\\index.ts"}}]}],"upgradeHtml":[{"__symbolic":"method","decorators":[{"__symbolic":"call","expression":{"__symbolic":"resolved","symbol":{"__symbol":2,"members":[]},"line":26,"character":3,"fileName":"src\\@ionic-native\\plugins\\update-app-info\\index.ts"}}]}]}},"type":{"summaryKind":3,"type":{"reference":{"__symbol":0,"members":[]},"diDeps":[],"lifecycleHooks":[]}}}],"symbols":[{"__symbol":0,"name":"UpdateAppInfo","filePath":"./index"},{"__symbol":1,"name":"IonicNativePlugin","filePath":"../../../../dist/@ionic-native/core/index"},{"__symbol":2,"name":"Cordova","filePath":"../../../../dist/@ionic-native/core/index"}]}