[{"__symbolic":"module","version":4,"metadata":{"NativeStorage":{"__symbolic":"class","extends":{"__symbolic":"reference","module":"@ionic-native/core","name":"IonicNativePlugin","line":38,"character":35},"decorators":[{"__symbolic":"call","expression":{"__symbolic":"reference","module":"@ionic-native/core","name":"Plugin","line":29,"character":1},"arguments":[{"pluginName":"NativeStorage","plugin":"cordova-plugin-nativestorage","pluginRef":"exe.NativeStorage","repo":"https://github.com/TheCocoaProject/cordova-plugin-nativestorage","platforms":["Android","Browser","iOS","macOS","Windows"]}]},{"__symbolic":"call","expression":{"__symbolic":"reference","module":"@angular/core","name":"Injectable","line":37,"character":1}}],"members":{"setItem":[{"__symbolic":"method","decorators":[{"__symbolic":"call","expression":{"__symbolic":"reference","module":"@ionic-native/core","name":"Cordova","line":45,"character":3}}]}],"getItem":[{"__symbolic":"method","decorators":[{"__symbolic":"call","expression":{"__symbolic":"reference","module":"@ionic-native/core","name":"Cordova","line":53,"character":3}}]}],"keys":[{"__symbolic":"method","decorators":[{"__symbolic":"call","expression":{"__symbolic":"reference","module":"@ionic-native/core","name":"Cordova","line":60,"character":3}}]}],"remove":[{"__symbolic":"method","decorators":[{"__symbolic":"call","expression":{"__symbolic":"reference","module":"@ionic-native/core","name":"Cordova","line":68,"character":3}}]}],"clear":[{"__symbolic":"method","decorators":[{"__symbolic":"call","expression":{"__symbolic":"reference","module":"@ionic-native/core","name":"Cordova","line":75,"character":3}}]}]}}}}]