{"moduleName":null,"summaries":[{"symbol":{"__symbol":0,"members":[]},"metadata":{"__symbolic":"class","extends":{"__symbolic":"resolved","symbol":{"__symbol":1,"members":[]},"line":38,"character":35,"fileName":"src\\@ionic-native\\plugins\\native-storage\\index.ts"},"members":{"setItem":[{"__symbolic":"method","decorators":[{"__symbolic":"call","expression":{"__symbolic":"resolved","symbol":{"__symbol":2,"members":[]},"line":45,"character":3,"fileName":"src\\@ionic-native\\plugins\\native-storage\\index.ts"}}]}],"getItem":[{"__symbolic":"method","decorators":[{"__symbolic":"call","expression":{"__symbolic":"resolved","symbol":{"__symbol":2,"members":[]},"line":53,"character":3,"fileName":"src\\@ionic-native\\plugins\\native-storage\\index.ts"}}]}],"keys":[{"__symbolic":"method","decorators":[{"__symbolic":"call","expression":{"__symbolic":"resolved","symbol":{"__symbol":2,"members":[]},"line":60,"character":3,"fileName":"src\\@ionic-native\\plugins\\native-storage\\index.ts"}}]}],"remove":[{"__symbolic":"method","decorators":[{"__symbolic":"call","expression":{"__symbolic":"resolved","symbol":{"__symbol":2,"members":[]},"line":68,"character":3,"fileName":"src\\@ionic-native\\plugins\\native-storage\\index.ts"}}]}],"clear":[{"__symbolic":"method","decorators":[{"__symbolic":"call","expression":{"__symbolic":"resolved","symbol":{"__symbol":2,"members":[]},"line":75,"character":3,"fileName":"src\\@ionic-native\\plugins\\native-storage\\index.ts"}}]}]}},"type":{"summaryKind":3,"type":{"reference":{"__symbol":0,"members":[]},"diDeps":[],"lifecycleHooks":[]}}}],"symbols":[{"__symbol":0,"name":"NativeStorage","filePath":"./index"},{"__symbol":1,"name":"IonicNativePlugin","filePath":"../../../../dist/@ionic-native/core/index"},{"__symbol":2,"name":"Cordova","filePath":"../../../../dist/@ionic-native/core/index"}]}