[{"__symbolic":"module","version":4,"metadata":{"Coordinates":{"__symbolic":"interface"},"Geoposition":{"__symbolic":"interface"},"PositionError":{"__symbolic":"interface"},"GeolocationOptions":{"__symbolic":"interface"},"Geolocation":{"__symbolic":"class","extends":{"__symbolic":"reference","module":"@ionic-native/core","name":"IonicNativePlugin","line":164,"character":33},"decorators":[{"__symbolic":"call","expression":{"__symbolic":"reference","module":"@ionic-native/core","name":"Plugin","line":152,"character":1},"arguments":[{"pluginName":"Geolocation","plugin":"cordova-plugin-geolocation","pluginRef":"exe.Geolocation","repo":"https://github.com/apache/cordova-plugin-geolocation","install":"ionic cordova plugin add cordova-plugin-geolocation --variable GEOLOCATION_USAGE_DESCRIPTION=\"To locate you\"","installVariables":["GEOLOCATION_USAGE_DESCRIPTION"],"platforms":["Amazon Fire OS","Android","Browser","iOS","Windows"]}]},{"__symbolic":"call","expression":{"__symbolic":"reference","module":"@angular/core","name":"Injectable","line":163,"character":1}}],"members":{"getCurrentPosition":[{"__symbolic":"method","decorators":[{"__symbolic":"call","expression":{"__symbolic":"reference","module":"@ionic-native/core","name":"Cordova","line":171,"character":3},"arguments":[{"callbackOrder":"reverse"}]}]}],"watchPosition":[{"__symbolic":"method"}]}}}}]