{"moduleName":null,"summaries":[{"symbol":{"__symbol":0,"members":[]},"metadata":{"__symbolic":"interface"}},{"symbol":{"__symbol":1,"members":[]},"metadata":{"__symbolic":"interface"}},{"symbol":{"__symbol":2,"members":[]},"metadata":{"__symbolic":"interface"}},{"symbol":{"__symbol":3,"members":[]},"metadata":{"__symbolic":"interface"}},{"symbol":{"__symbol":4,"members":[]},"metadata":{"__symbolic":"class","extends":{"__symbolic":"resolved","symbol":{"__symbol":5,"members":[]},"line":164,"character":33,"fileName":"src\\@ionic-native\\plugins\\geolocation\\index.ts"},"members":{"getCurrentPosition":[{"__symbolic":"method","decorators":[{"__symbolic":"call","expression":{"__symbolic":"resolved","symbol":{"__symbol":6,"members":[]},"line":171,"character":3,"fileName":"src\\@ionic-native\\plugins\\geolocation\\index.ts"},"arguments":[{"callbackOrder":"reverse"}]}]}],"watchPosition":[{"__symbolic":"method"}]}},"type":{"summaryKind":3,"type":{"reference":{"__symbol":4,"members":[]},"diDeps":[],"lifecycleHooks":[]}}}],"symbols":[{"__symbol":0,"name":"Coordinates","filePath":"./index"},{"__symbol":1,"name":"Geoposition","filePath":"./index"},{"__symbol":2,"name":"PositionError","filePath":"./index"},{"__symbol":3,"name":"GeolocationOptions","filePath":"./index"},{"__symbol":4,"name":"Geolocation","filePath":"./index"},{"__symbol":5,"name":"IonicNativePlugin","filePath":"../../../../dist/@ionic-native/core/index"},{"__symbol":6,"name":"Cordova","filePath":"../../../../dist/@ionic-native/core/index"}]}