[{"__symbolic":"module","version":4,"metadata":{"PluginConfig":{"__symbolic":"interface"},"CordovaOptions":{"__symbolic":"interface"},"CordovaCheckOptions":{"__symbolic":"interface"},"InstanceCheck":{"__symbolic":"function","parameters":["opts"],"value":{"__symbolic":"error","message":"Lambda not supported","line":112,"character":9},"defaults":[{}]},"CordovaCheck":{"__symbolic":"function","parameters":["opts"],"value":{"__symbolic":"error","message":"Lambda not supported","line":141,"character":9},"defaults":[{}]},"Plugin":{"__symbolic":"function","parameters":["config"],"value":{"__symbolic":"error","message":"Lambda not supported","line":185,"character":9}},"Cordova":{"__symbolic":"function","parameters":["opts"],"value":{"__symbolic":"error","message":"Lambda not supported","line":234,"character":9},"defaults":[{}]},"CordovaInstance":{"__symbolic":"function","parameters":["opts"],"value":{"__symbolic":"error","message":"Lambda not supported","line":254,"character":9},"defaults":[{}]},"CordovaProperty":{"__symbolic":"function"},"InstanceProperty":{"__symbolic":"function"},"CordovaFunctionOverride":{"__symbolic":"function","parameters":["opts"],"value":{"__symbolic":"error","message":"Lambda not supported","line":313,"character":9},"defaults":[{}]}}}]