{"moduleName":null,"summaries":[{"symbol":{"__symbol":0,"members":[]},"metadata":{"__symbolic":"interface"}},{"symbol":{"__symbol":1,"members":[]},"metadata":{"__symbolic":"interface"}},{"symbol":{"__symbol":2,"members":[]},"metadata":{"__symbolic":"interface"}},{"symbol":{"__symbol":3,"members":[]},"metadata":{"__symbolic":"function","parameters":["opts"],"value":{"__symbolic":"error","message":"Lambda not supported","line":112,"character":9,"fileName":"src\\@ionic-native\\core\\decorators.ts"},"defaults":[{}]}},{"symbol":{"__symbol":4,"members":[]},"metadata":{"__symbolic":"function","parameters":["opts"],"value":{"__symbolic":"error","message":"Lambda not supported","line":141,"character":9,"fileName":"src\\@ionic-native\\core\\decorators.ts"},"defaults":[{}]}},{"symbol":{"__symbol":5,"members":[]},"metadata":{"__symbolic":"function","parameters":["config"],"value":{"__symbolic":"error","message":"Lambda not supported","line":185,"character":9,"fileName":"src\\@ionic-native\\core\\decorators.ts"}}},{"symbol":{"__symbol":6,"members":[]},"metadata":{"__symbolic":"function","parameters":["opts"],"value":{"__symbolic":"error","message":"Lambda not supported","line":234,"character":9,"fileName":"src\\@ionic-native\\core\\decorators.ts"},"defaults":[{}]}},{"symbol":{"__symbol":7,"members":[]},"metadata":{"__symbolic":"function","parameters":["opts"],"value":{"__symbolic":"error","message":"Lambda not supported","line":254,"character":9,"fileName":"src\\@ionic-native\\core\\decorators.ts"},"defaults":[{}]}},{"symbol":{"__symbol":8,"members":[]},"metadata":{"__symbolic":"function"}},{"symbol":{"__symbol":9,"members":[]},"metadata":{"__symbolic":"function"}},{"symbol":{"__symbol":10,"members":[]},"metadata":{"__symbolic":"function","parameters":["opts"],"value":{"__symbolic":"error","message":"Lambda not supported","line":313,"character":9,"fileName":"src\\@ionic-native\\core\\decorators.ts"},"defaults":[{}]}}],"symbols":[{"__symbol":0,"name":"PluginConfig","filePath":"./decorators"},{"__symbol":1,"name":"CordovaOptions","filePath":"./decorators"},{"__symbol":2,"name":"CordovaCheckOptions","filePath":"./decorators"},{"__symbol":3,"name":"InstanceCheck","filePath":"./decorators"},{"__symbol":4,"name":"CordovaCheck","filePath":"./decorators"},{"__symbol":5,"name":"Plugin","filePath":"./decorators"},{"__symbol":6,"name":"Cordova","filePath":"./decorators"},{"__symbol":7,"name":"CordovaInstance","filePath":"./decorators"},{"__symbol":8,"name":"CordovaProperty","filePath":"./decorators"},{"__symbol":9,"name":"InstanceProperty","filePath":"./decorators"},{"__symbol":10,"name":"CordovaFunctionOverride","filePath":"./decorators"}]}