{"moduleName":null,"summaries":[{"symbol":{"__symbol":0,"members":[]},"metadata":{"__symbol":1,"members":[]}},{"symbol":{"__symbol":2,"members":[]},"metadata":{"__symbol":3,"members":[]}},{"symbol":{"__symbol":4,"members":[]},"metadata":{"__symbol":5,"members":[]}},{"symbol":{"__symbol":6,"members":[]},"metadata":{"__symbol":7,"members":[]}},{"symbol":{"__symbol":8,"members":[]},"metadata":{"__symbol":9,"members":[]}},{"symbol":{"__symbol":10,"members":[]},"metadata":{"__symbol":11,"members":[]}},{"symbol":{"__symbol":12,"members":[]},"metadata":{"__symbol":13,"members":[]}},{"symbol":{"__symbol":14,"members":[]},"metadata":{"__symbol":15,"members":[]}},{"symbol":{"__symbol":16,"members":[]},"metadata":{"__symbol":17,"members":[]}},{"symbol":{"__symbol":18,"members":[]},"metadata":{"__symbol":19,"members":[]}},{"symbol":{"__symbol":20,"members":[]},"metadata":{"__symbol":21,"members":[]}},{"symbol":{"__symbol":22,"members":[]},"metadata":{"__symbol":23,"members":[]}},{"symbol":{"__symbol":24,"members":[]},"metadata":{"__symbol":25,"members":[]}},{"symbol":{"__symbol":26,"members":[]},"metadata":{"__symbol":27,"members":[]}},{"symbol":{"__symbol":28,"members":[]},"metadata":{"__symbol":29,"members":[]}},{"symbol":{"__symbol":30,"members":[]},"metadata":{"__symbol":31,"members":[]}},{"symbol":{"__symbol":32,"members":[]},"metadata":{"__symbol":33,"members":[]}},{"symbol":{"__symbol":34,"members":[]},"metadata":{"__symbol":35,"members":[]}},{"symbol":{"__symbol":36,"members":[]},"metadata":{"__symbol":37,"members":[]}},{"symbol":{"__symbol":38,"members":[]},"metadata":{"__symbol":39,"members":[]}},{"symbol":{"__symbol":40,"members":[]},"metadata":{"__symbol":41,"members":[]}},{"symbol":{"__symbol":42,"members":[]},"metadata":{"__symbol":43,"members":[]}},{"symbol":{"__symbol":44,"members":[]},"metadata":{"__symbol":45,"members":[]}},{"symbol":{"__symbol":46,"members":[]},"metadata":{"__symbol":47,"members":[]}},{"symbol":{"__symbol":48,"members":[]},"metadata":{"__symbol":49,"members":[]}}],"symbols":[{"__symbol":0,"name":"ERR_CORDOVA_NOT_AVAILABLE","filePath":"./index"},{"__symbol":1,"name":"ERR_CORDOVA_NOT_AVAILABLE","filePath":"./plugin"},{"__symbol":2,"name":"ERR_PLUGIN_NOT_INSTALLED","filePath":"./index"},{"__symbol":3,"name":"ERR_PLUGIN_NOT_INSTALLED","filePath":"./plugin"},{"__symbol":4,"name":"checkAvailability","filePath":"./index"},{"__symbol":5,"name":"checkAvailability","filePath":"./plugin"},{"__symbol":6,"name":"instanceAvailability","filePath":"./index"},{"__symbol":7,"name":"instanceAvailability","filePath":"./plugin"},{"__symbol":8,"name":"wrapEventObservable","filePath":"./index"},{"__symbol":9,"name":"wrapEventObservable","filePath":"./plugin"},{"__symbol":10,"name":"overrideFunction","filePath":"./index"},{"__symbol":11,"name":"overrideFunction","filePath":"./plugin"},{"__symbol":12,"name":"wrap","filePath":"./index"},{"__symbol":13,"name":"wrap","filePath":"./plugin"},{"__symbol":14,"name":"wrapInstance","filePath":"./index"},{"__symbol":15,"name":"wrapInstance","filePath":"./plugin"},{"__symbol":16,"name":"PluginConfig","filePath":"./index"},{"__symbol":17,"name":"PluginConfig","filePath":"./decorators"},{"__symbol":18,"name":"CordovaOptions","filePath":"./index"},{"__symbol":19,"name":"CordovaOptions","filePath":"./decorators"},{"__symbol":20,"name":"CordovaCheckOptions","filePath":"./index"},{"__symbol":21,"name":"CordovaCheckOptions","filePath":"./decorators"},{"__symbol":22,"name":"InstanceCheck","filePath":"./index"},{"__symbol":23,"name":"InstanceCheck","filePath":"./decorators"},{"__symbol":24,"name":"CordovaCheck","filePath":"./index"},{"__symbol":25,"name":"CordovaCheck","filePath":"./decorators"},{"__symbol":26,"name":"Plugin","filePath":"./index"},{"__symbol":27,"name":"Plugin","filePath":"./decorators"},{"__symbol":28,"name":"Cordova","filePath":"./index"},{"__symbol":29,"name":"Cordova","filePath":"./decorators"},{"__symbol":30,"name":"CordovaInstance","filePath":"./index"},{"__symbol":31,"name":"CordovaInstance","filePath":"./decorators"},{"__symbol":32,"name":"CordovaProperty","filePath":"./index"},{"__symbol":33,"name":"CordovaProperty","filePath":"./decorators"},{"__symbol":34,"name":"InstanceProperty","filePath":"./index"},{"__symbol":35,"name":"InstanceProperty","filePath":"./decorators"},{"__symbol":36,"name":"CordovaFunctionOverride","filePath":"./index"},{"__symbol":37,"name":"CordovaFunctionOverride","filePath":"./decorators"},{"__symbol":38,"name":"get","filePath":"./index"},{"__symbol":39,"name":"get","filePath":"./util"},{"__symbol":40,"name":"getPromise","filePath":"./index"},{"__symbol":41,"name":"getPromise","filePath":"./util"},{"__symbol":42,"name":"getPlugin","filePath":"./index"},{"__symbol":43,"name":"getPlugin","filePath":"./util"},{"__symbol":44,"name":"pluginWarn","filePath":"./index"},{"__symbol":45,"name":"pluginWarn","filePath":"./util"},{"__symbol":46,"name":"cordovaWarn","filePath":"./index"},{"__symbol":47,"name":"cordovaWarn","filePath":"./util"},{"__symbol":48,"name":"IonicNativePlugin","filePath":"./index"},{"__symbol":49,"name":"IonicNativePlugin","filePath":"./ionic-native-plugin"}]}