{"moduleName":null,"summaries":[{"symbol":{"__symbol":0,"members":[]},"metadata":{"__symbolic":"class","statics":{"pluginName":{"__symbolic":"error","message":"Variable not initialized","line":1,"character":9,"fileName":"src\\@ionic-native\\core\\ionic-native-plugin.ts"},"pluginRef":{"__symbolic":"error","message":"Variable not initialized","line":3,"character":9,"fileName":"src\\@ionic-native\\core\\ionic-native-plugin.ts"},"plugin":{"__symbolic":"error","message":"Variable not initialized","line":5,"character":9,"fileName":"src\\@ionic-native\\core\\ionic-native-plugin.ts"},"repo":{"__symbolic":"error","message":"Variable not initialized","line":7,"character":9,"fileName":"src\\@ionic-native\\core\\ionic-native-plugin.ts"},"platforms":{"__symbolic":"error","message":"Variable not initialized","line":9,"character":9,"fileName":"src\\@ionic-native\\core\\ionic-native-plugin.ts"},"install":{"__symbolic":"error","message":"Variable not initialized","line":11,"character":9,"fileName":"src\\@ionic-native\\core\\ionic-native-plugin.ts"},"installed":{"__symbolic":"function","parameters":[],"value":false}}}}],"symbols":[{"__symbol":0,"name":"IonicNativePlugin","filePath":"./ionic-native-plugin"}]}