[{"__symbolic":"module","version":4,"metadata":{"IonicNativePlugin":{"__symbolic":"class","statics":{"pluginName":{"__symbolic":"error","message":"Variable not initialized","line":1,"character":9},"pluginRef":{"__symbolic":"error","message":"Variable not initialized","line":3,"character":9},"plugin":{"__symbolic":"error","message":"Variable not initialized","line":5,"character":9},"repo":{"__symbolic":"error","message":"Variable not initialized","line":7,"character":9},"platforms":{"__symbolic":"error","message":"Variable not initialized","line":9,"character":9},"install":{"__symbolic":"error","message":"Variable not initialized","line":11,"character":9},"installed":{"__symbolic":"function","parameters":[],"value":false}}}}}]