{"moduleName":null,"summaries":[{"symbol":{"__symbol":0,"members":[]},"metadata":{"error":"cordova_not_available"}},{"symbol":{"__symbol":1,"members":[]},"metadata":{"error":"plugin_not_installed"}},{"symbol":{"__symbol":2,"members":[]},"metadata":{"__symbolic":"function"}},{"symbol":{"__symbol":3,"members":[]},"metadata":{"__symbolic":"function","parameters":["pluginObj","methodName"],"value":{"__symbolic":"binop","operator":"&&","left":{"__symbolic":"select","expression":{"__symbolic":"reference","name":"pluginObj"},"member":"_objectInstance"},"right":{"__symbolic":"binop","operator":"||","left":{"__symbolic":"pre","operator":"!","operand":{"__symbolic":"reference","name":"methodName"}},"right":{"__symbolic":"binop","operator":"!==","left":{"__symbolic":"error","message":"Expression form not supported","line":98,"character":6,"fileName":"src\\@ionic-native\\core\\plugin.ts"},"right":"undefined"}}}}},{"symbol":{"__symbol":4,"members":[]},"metadata":{"__symbolic":"function","parameters":["event","element"],"value":{"__symbolic":"call","expression":{"__symbolic":"resolved","symbol":{"__symbol":5,"members":[]},"line":343,"character":9,"fileName":"src\\@ionic-native\\core\\plugin.ts"},"arguments":[{"__symbolic":"reference","name":"element"},{"__symbolic":"reference","name":"event"}]},"defaults":[null,null]}},{"symbol":{"__symbol":6,"members":[]},"metadata":{"__symbolic":"function","parameters":["pluginObj","methodName","args","opts"],"value":{"__symbolic":"error","message":"Lambda not supported","line":360,"character":24,"fileName":"src\\@ionic-native\\core\\plugin.ts"},"defaults":[null,null,null,{}]}},{"symbol":{"__symbol":7,"members":[]},"metadata":{"__symbolic":"error","message":"Lambda not supported","line":381,"character":20,"fileName":"src\\@ionic-native\\core\\plugin.ts"}},{"symbol":{"__symbol":8,"members":[]},"metadata":{"__symbolic":"function","parameters":["pluginObj","methodName","opts"],"value":{"__symbolic":"error","message":"Lambda not supported","line":410,"character":9,"fileName":"src\\@ionic-native\\core\\plugin.ts"},"defaults":[null,null,{}]}}],"symbols":[{"__symbol":0,"name":"ERR_CORDOVA_NOT_AVAILABLE","filePath":"./plugin"},{"__symbol":1,"name":"ERR_PLUGIN_NOT_INSTALLED","filePath":"./plugin"},{"__symbol":2,"name":"checkAvailability","filePath":"./plugin"},{"__symbol":3,"name":"instanceAvailability","filePath":"./plugin"},{"__symbol":4,"name":"wrapEventObservable","filePath":"./plugin"},{"__symbol":5,"name":"fromEvent","filePath":"rxjs/observable/fromEvent"},{"__symbol":6,"name":"overrideFunction","filePath":"./plugin"},{"__symbol":7,"name":"wrap","filePath":"./plugin"},{"__symbol":8,"name":"wrapInstance","filePath":"./plugin"}]}