[{"__symbolic":"module","version":4,"metadata":{"ERR_CORDOVA_NOT_AVAILABLE":{"error":"cordova_not_available"},"ERR_PLUGIN_NOT_INSTALLED":{"error":"plugin_not_installed"},"checkAvailability":{"__symbolic":"function"},"instanceAvailability":{"__symbolic":"function","parameters":["pluginObj","methodName"],"value":{"__symbolic":"binop","operator":"&&","left":{"__symbolic":"select","expression":{"__symbolic":"reference","name":"pluginObj"},"member":"_objectInstance"},"right":{"__symbolic":"binop","operator":"||","left":{"__symbolic":"pre","operator":"!","operand":{"__symbolic":"reference","name":"methodName"}},"right":{"__symbolic":"binop","operator":"!==","left":{"__symbolic":"error","message":"Expression form not supported","line":98,"character":6},"right":"undefined"}}}},"wrapEventObservable":{"__symbolic":"function","parameters":["event","element"],"value":{"__symbolic":"call","expression":{"__symbolic":"reference","module":"rxjs/observable/fromEvent","name":"fromEvent","line":343,"character":9},"arguments":[{"__symbolic":"reference","name":"element"},{"__symbolic":"reference","name":"event"}]},"defaults":[null,{"__symbolic":"reference","name":"window"}]},"overrideFunction":{"__symbolic":"function","parameters":["pluginObj","methodName","args","opts"],"value":{"__symbolic":"error","message":"Lambda not supported","line":360,"character":24},"defaults":[null,null,null,{}]},"wrap":{"__symbolic":"error","message":"Lambda not supported","line":381,"character":20},"wrapInstance":{"__symbolic":"function","parameters":["pluginObj","methodName","opts"],"value":{"__symbolic":"error","message":"Lambda not supported","line":410,"character":9},"defaults":[null,null,{}]}}}]