[{"__symbolic":"module","version":4,"metadata":{"get":{"__symbolic":"error","message":"Lambda not supported","line":5,"character":19},"getPromise":{"__symbolic":"error","message":"Lambda not supported","line":20,"character":26},"getPlugin":{"__symbolic":"error","message":"Lambda not supported","line":41,"character":25},"pluginWarn":{"__symbolic":"error","message":"Lambda not supported","line":50,"character":26},"cordovaWarn":{"__symbolic":"error","message":"Lambda not supported","line":82,"character":27}}}]