{"moduleName":null,"summaries":[{"symbol":{"__symbol":0,"members":[]},"metadata":{"__symbolic":"error","message":"Lambda not supported","line":5,"character":19,"fileName":"src\\@ionic-native\\core\\util.ts"}},{"symbol":{"__symbol":1,"members":[]},"metadata":{"__symbolic":"error","message":"Lambda not supported","line":20,"character":26,"fileName":"src\\@ionic-native\\core\\util.ts"}},{"symbol":{"__symbol":2,"members":[]},"metadata":{"__symbolic":"error","message":"Lambda not supported","line":41,"character":25,"fileName":"src\\@ionic-native\\core\\util.ts"}},{"symbol":{"__symbol":3,"members":[]},"metadata":{"__symbolic":"error","message":"Lambda not supported","line":50,"character":26,"fileName":"src\\@ionic-native\\core\\util.ts"}},{"symbol":{"__symbol":4,"members":[]},"metadata":{"__symbolic":"error","message":"Lambda not supported","line":82,"character":27,"fileName":"src\\@ionic-native\\core\\util.ts"}}],"symbols":[{"__symbol":0,"name":"get","filePath":"./util"},{"__symbol":1,"name":"getPromise","filePath":"./util"},{"__symbol":2,"name":"getPlugin","filePath":"./util"},{"__symbol":3,"name":"pluginWarn","filePath":"./util"},{"__symbol":4,"name":"cordovaWarn","filePath":"./util"}]}