{"moduleName":null,"summaries":[{"symbol":{"__symbol":0,"members":[]},"metadata":{"__symbolic":"interface"}},{"symbol":{"__symbol":1,"members":[]},"metadata":{"__symbolic":"class","extends":{"__symbolic":"resolved","symbol":{"__symbol":2,"members":[]},"line":42,"character":34,"fileName":"src\\@ionic-native\\plugins\\text-to-speech\\index.ts"},"members":{"speak":[{"__symbolic":"method","decorators":[{"__symbolic":"call","expression":{"__symbolic":"resolved","symbol":{"__symbol":3,"members":[]},"line":48,"character":3,"fileName":"src\\@ionic-native\\plugins\\text-to-speech\\index.ts"},"arguments":[{"successIndex":1,"errorIndex":2,"observable":true}]}]}],"stop":[{"__symbolic":"method","decorators":[{"__symbolic":"call","expression":{"__symbolic":"resolved","symbol":{"__symbol":3,"members":[]},"line":60,"character":3,"fileName":"src\\@ionic-native\\plugins\\text-to-speech\\index.ts"},"arguments":[{"sync":true}]}]}],"pause":[{"__symbolic":"method","decorators":[{"__symbolic":"call","expression":{"__symbolic":"resolved","symbol":{"__symbol":3,"members":[]},"line":68,"character":3,"fileName":"src\\@ionic-native\\plugins\\text-to-speech\\index.ts"},"arguments":[{"sync":true}]}]}],"continue":[{"__symbolic":"method","decorators":[{"__symbolic":"call","expression":{"__symbolic":"resolved","symbol":{"__symbol":3,"members":[]},"line":76,"character":3,"fileName":"src\\@ionic-native\\plugins\\text-to-speech\\index.ts"},"arguments":[{"sync":true}]}]}],"checkLanguage":[{"__symbolic":"method","decorators":[{"__symbolic":"call","expression":{"__symbolic":"resolved","symbol":{"__symbol":3,"members":[]},"line":81,"character":3,"fileName":"src\\@ionic-native\\plugins\\text-to-speech\\index.ts"}}]}]}},"type":{"summaryKind":3,"type":{"reference":{"__symbol":1,"members":[]},"diDeps":[],"lifecycleHooks":[]}}}],"symbols":[{"__symbol":0,"name":"TTSOptions","filePath":"./index"},{"__symbol":1,"name":"TextToSpeech","filePath":"./index"},{"__symbol":2,"name":"IonicNativePlugin","filePath":"../../../../dist/@ionic-native/core/index"},{"__symbol":3,"name":"Cordova","filePath":"../../../../dist/@ionic-native/core/index"}]}