[{"__symbolic":"module","version":4,"metadata":{"TTSOptions":{"__symbolic":"interface"},"TextToSpeech":{"__symbolic":"class","extends":{"__symbolic":"reference","module":"@ionic-native/core","name":"IonicNativePlugin","line":42,"character":34},"decorators":[{"__symbolic":"call","expression":{"__symbolic":"reference","module":"@ionic-native/core","name":"Plugin","line":34,"character":1},"arguments":[{"pluginName":"Text To Speech","plugin":"cordova-plugin-tts","pluginRef":"TTS","repo":"https://github.com/vilic/cordova-plugin-tts","platforms":["Android","iOS","Windows Phone 8"]}]},{"__symbolic":"call","expression":{"__symbolic":"reference","module":"@angular/core","name":"Injectable","line":41,"character":1}}],"members":{"speak":[{"__symbolic":"method","decorators":[{"__symbolic":"call","expression":{"__symbolic":"reference","module":"@ionic-native/core","name":"Cordova","line":48,"character":3},"arguments":[{"successIndex":1,"errorIndex":2,"observable":true}]}]}],"stop":[{"__symbolic":"method","decorators":[{"__symbolic":"call","expression":{"__symbolic":"reference","module":"@ionic-native/core","name":"Cordova","line":60,"character":3},"arguments":[{"sync":true}]}]}],"pause":[{"__symbolic":"method","decorators":[{"__symbolic":"call","expression":{"__symbolic":"reference","module":"@ionic-native/core","name":"Cordova","line":68,"character":3},"arguments":[{"sync":true}]}]}],"continue":[{"__symbolic":"method","decorators":[{"__symbolic":"call","expression":{"__symbolic":"reference","module":"@ionic-native/core","name":"Cordova","line":76,"character":3},"arguments":[{"sync":true}]}]}],"checkLanguage":[{"__symbolic":"method","decorators":[{"__symbolic":"call","expression":{"__symbolic":"reference","module":"@ionic-native/core","name":"Cordova","line":81,"character":3}}]}]}}}}]