[{"__symbolic":"module","version":4,"metadata":{"UserInfo":{"__symbolic":"class","extends":{"__symbolic":"reference","module":"@ionic-native/core","name":"IonicNativePlugin","line":15,"character":30},"decorators":[{"__symbolic":"call","expression":{"__symbolic":"reference","module":"@ionic-native/core","name":"Plugin","line":3,"character":1},"arguments":[{"pluginName":"UserInfo","plugin":"com.exe.CDVUserInfoPlugin","pluginRef":"exe.UserInfo","repo":"http://192.168.30.8:10080/exe-front/cordova-plugins/tree/master/com.exe.CDVUserInfoPlugin","install":"","installVariables":[],"platforms":["iOS"]}]},{"__symbolic":"call","expression":{"__symbolic":"reference","module":"@angular/core","name":"Injectable","line":14,"character":1}}],"members":{"setUserInfo":[{"__symbolic":"method","decorators":[{"__symbolic":"call","expression":{"__symbolic":"reference","module":"@ionic-native/core","name":"Cordova","line":16,"character":3}}]}]}}}}]