[{"__symbolic":"module","version":4,"metadata":{"RecognizeOptions":{"__symbolic":"interface"},"RecognizeResult":{"__symbolic":"interface"},"SoundRecognition":{"__symbolic":"class","extends":{"__symbolic":"reference","module":"@ionic-native/core","name":"IonicNativePlugin","line":25,"character":38},"decorators":[{"__symbolic":"call","expression":{"__symbolic":"reference","module":"@ionic-native/core","name":"Plugin","line":15,"character":1},"arguments":[{"pluginName":"CDVRecognition","plugin":"com.exe.CDVRecognition","pluginRef":"plugins.CDVRecognition","repo":"","install":"","installVariables":[],"platforms":["Android","iOS"]}]},{"__symbolic":"call","expression":{"__symbolic":"reference","module":"@angular/core","name":"Injectable","line":24,"character":1}}],"members":{"startRecognition":[{"__symbolic":"method","decorators":[{"__symbolic":"call","expression":{"__symbolic":"reference","module":"@ionic-native/core","name":"Cordova","line":27,"character":3}}]}],"stopRecognition":[{"__symbolic":"method","decorators":[{"__symbolic":"call","expression":{"__symbolic":"reference","module":"@ionic-native/core","name":"Cordova","line":32,"character":3},"arguments":[{"sync":true}]}]}],"cancelRecognition":[{"__symbolic":"method","decorators":[{"__symbolic":"call","expression":{"__symbolic":"reference","module":"@ionic-native/core","name":"Cordova","line":37,"character":3},"arguments":[{"sync":true}]}]}]}}}}]