{"moduleName":null,"summaries":[{"symbol":{"__symbol":0,"members":[]},"metadata":{"__symbolic":"interface"}},{"symbol":{"__symbol":1,"members":[]},"metadata":{"__symbolic":"interface"}},{"symbol":{"__symbol":2,"members":[]},"metadata":{"__symbolic":"class","extends":{"__symbolic":"resolved","symbol":{"__symbol":3,"members":[]},"line":25,"character":38,"fileName":"src\\@ionic-native\\plugins\\sound-recognition\\index.ts"},"members":{"startRecognition":[{"__symbolic":"method","decorators":[{"__symbolic":"call","expression":{"__symbolic":"resolved","symbol":{"__symbol":4,"members":[]},"line":27,"character":3,"fileName":"src\\@ionic-native\\plugins\\sound-recognition\\index.ts"}}]}],"stopRecognition":[{"__symbolic":"method","decorators":[{"__symbolic":"call","expression":{"__symbolic":"resolved","symbol":{"__symbol":4,"members":[]},"line":32,"character":3,"fileName":"src\\@ionic-native\\plugins\\sound-recognition\\index.ts"},"arguments":[{"sync":true}]}]}],"cancelRecognition":[{"__symbolic":"method","decorators":[{"__symbolic":"call","expression":{"__symbolic":"resolved","symbol":{"__symbol":4,"members":[]},"line":37,"character":3,"fileName":"src\\@ionic-native\\plugins\\sound-recognition\\index.ts"},"arguments":[{"sync":true}]}]}]}},"type":{"summaryKind":3,"type":{"reference":{"__symbol":2,"members":[]},"diDeps":[],"lifecycleHooks":[]}}}],"symbols":[{"__symbol":0,"name":"RecognizeOptions","filePath":"./index"},{"__symbol":1,"name":"RecognizeResult","filePath":"./index"},{"__symbol":2,"name":"SoundRecognition","filePath":"./index"},{"__symbol":3,"name":"IonicNativePlugin","filePath":"../../../../dist/@ionic-native/core/index"},{"__symbol":4,"name":"Cordova","filePath":"../../../../dist/@ionic-native/core/index"}]}