{"moduleName":null,"summaries":[{"symbol":{"__symbol":0,"members":[]},"metadata":{"__symbolic":"interface"}},{"symbol":{"__symbol":1,"members":[]},"metadata":{"__symbolic":"interface"}},{"symbol":{"__symbol":2,"members":[]},"metadata":{"__symbolic":"interface"}},{"symbol":{"__symbol":3,"members":[]},"metadata":{"__symbolic":"class","extends":{"__symbolic":"resolved","symbol":{"__symbol":4,"members":[]},"line":46,"character":30,"fileName":"src\\@ionic-native\\plugins\\location\\index.ts"},"members":{"getCurrentPosition":[{"__symbolic":"method","decorators":[{"__symbolic":"call","expression":{"__symbolic":"resolved","symbol":{"__symbol":5,"members":[]},"line":47,"character":3,"fileName":"src\\@ionic-native\\plugins\\location\\index.ts"}}]}],"startContinuedLocation":[{"__symbolic":"method","decorators":[{"__symbolic":"call","expression":{"__symbolic":"resolved","symbol":{"__symbol":5,"members":[]},"line":52,"character":3,"fileName":"src\\@ionic-native\\plugins\\location\\index.ts"},"arguments":[{"observable":true}]}]}],"stopContinuedLocation":[{"__symbolic":"method","decorators":[{"__symbolic":"call","expression":{"__symbolic":"resolved","symbol":{"__symbol":5,"members":[]},"line":59,"character":3,"fileName":"src\\@ionic-native\\plugins\\location\\index.ts"}}]}]}},"type":{"summaryKind":3,"type":{"reference":{"__symbol":3,"members":[]},"diDeps":[],"lifecycleHooks":[]}}}],"symbols":[{"__symbol":0,"name":"GeolocationOptions","filePath":"./index"},{"__symbol":1,"name":"ContinuedLocationOptions","filePath":"./index"},{"__symbol":2,"name":"LocationInfo","filePath":"./index"},{"__symbol":3,"name":"Location","filePath":"./index"},{"__symbol":4,"name":"IonicNativePlugin","filePath":"../../../../dist/@ionic-native/core/index"},{"__symbol":5,"name":"Cordova","filePath":"../../../../dist/@ionic-native/core/index"}]}