[{"__symbolic":"module","version":4,"metadata":{"GeolocationOptions":{"__symbolic":"interface"},"ContinuedLocationOptions":{"__symbolic":"interface"},"LocationInfo":{"__symbolic":"interface"},"Location":{"__symbolic":"class","extends":{"__symbolic":"reference","module":"@ionic-native/core","name":"IonicNativePlugin","line":46,"character":30},"decorators":[{"__symbolic":"call","expression":{"__symbolic":"reference","module":"@ionic-native/core","name":"Plugin","line":35,"character":1},"arguments":[{"pluginName":"EXELocation","plugin":"com.exe.EXELocation","pluginRef":"exe.Location","repo":"","install":"","installVariables":[],"platforms":["Android","iOS"]}]},{"__symbolic":"call","expression":{"__symbolic":"reference","module":"@angular/core","name":"Injectable","line":45,"character":1}}],"members":{"getCurrentPosition":[{"__symbolic":"method","decorators":[{"__symbolic":"call","expression":{"__symbolic":"reference","module":"@ionic-native/core","name":"Cordova","line":47,"character":3}}]}],"startContinuedLocation":[{"__symbolic":"method","decorators":[{"__symbolic":"call","expression":{"__symbolic":"reference","module":"@ionic-native/core","name":"Cordova","line":52,"character":3},"arguments":[{"observable":true}]}]}],"stopContinuedLocation":[{"__symbolic":"method","decorators":[{"__symbolic":"call","expression":{"__symbolic":"reference","module":"@ionic-native/core","name":"Cordova","line":59,"character":3}}]}]}}}}]