[{"__symbolic":"module","version":4,"metadata":{"MediaObject":{"__symbolic":"class","members":{"successCallback":[{"__symbolic":"property","decorators":[{"__symbolic":"reference","module":"@ionic-native/core","name":"InstanceProperty","line":28,"character":3}]}],"errorCallback":[{"__symbolic":"property","decorators":[{"__symbolic":"reference","module":"@ionic-native/core","name":"InstanceProperty","line":34,"character":3}]}],"statusCallback":[{"__symbolic":"property","decorators":[{"__symbolic":"reference","module":"@ionic-native/core","name":"InstanceProperty","line":40,"character":3}]}],"__ctor__":[{"__symbolic":"constructor","parameters":[{"__symbolic":"reference","name":"any"}]}],"getCurrentAmplitude":[{"__symbolic":"method","decorators":[{"__symbolic":"call","expression":{"__symbolic":"reference","module":"@ionic-native/core","name":"CordovaInstance","line":64,"character":3}}]}],"getCurrentPosition":[{"__symbolic":"method","decorators":[{"__symbolic":"call","expression":{"__symbolic":"reference","module":"@ionic-native/core","name":"CordovaInstance","line":71,"character":3}}]}],"getDuration":[{"__symbolic":"method","decorators":[{"__symbolic":"call","expression":{"__symbolic":"reference","module":"@ionic-native/core","name":"CordovaInstance","line":78,"character":3},"arguments":[{"sync":true}]}]}],"play":[{"__symbolic":"method","decorators":[{"__symbolic":"call","expression":{"__symbolic":"reference","module":"@ionic-native/core","name":"CordovaInstance","line":84,"character":3},"arguments":[{"sync":true}]}]}],"pause":[{"__symbolic":"method","decorators":[{"__symbolic":"call","expression":{"__symbolic":"reference","module":"@ionic-native/core","name":"CordovaInstance","line":93,"character":3},"arguments":[{"sync":true}]}]}],"release":[{"__symbolic":"method","decorators":[{"__symbolic":"call","expression":{"__symbolic":"reference","module":"@ionic-native/core","name":"CordovaInstance","line":99,"character":3},"arguments":[{"sync":true}]}]}],"seekTo":[{"__symbolic":"method","decorators":[{"__symbolic":"call","expression":{"__symbolic":"reference","module":"@ionic-native/core","name":"CordovaInstance","line":106,"character":3},"arguments":[{"sync":true}]}]}],"setVolume":[{"__symbolic":"method","decorators":[{"__symbolic":"call","expression":{"__symbolic":"reference","module":"@ionic-native/core","name":"CordovaInstance","line":113,"character":3},"arguments":[{"sync":true}]}]}],"setRate":[{"__symbolic":"method","decorators":[{"__symbolic":"call","expression":{"__symbolic":"reference","module":"@ionic-native/core","name":"CordovaInstance","line":116,"character":3},"arguments":[{"sync":true}]}]}],"startRecord":[{"__symbolic":"method","decorators":[{"__symbolic":"call","expression":{"__symbolic":"reference","module":"@ionic-native/core","name":"CordovaInstance","line":122,"character":3},"arguments":[{"sync":true}]}]}],"stopRecord":[{"__symbolic":"method","decorators":[{"__symbolic":"call","expression":{"__symbolic":"reference","module":"@ionic-native/core","name":"CordovaInstance","line":128,"character":3},"arguments":[{"sync":true}]}]}],"pauseRecord":[{"__symbolic":"method","decorators":[{"__symbolic":"call","expression":{"__symbolic":"reference","module":"@ionic-native/core","name":"CordovaInstance","line":134,"character":3},"arguments":[{"sync":true}]}]}],"resumeRecord":[{"__symbolic":"method","decorators":[{"__symbolic":"call","expression":{"__symbolic":"reference","module":"@ionic-native/core","name":"CordovaInstance","line":140,"character":3},"arguments":[{"sync":true}]}]}],"stop":[{"__symbolic":"method","decorators":[{"__symbolic":"call","expression":{"__symbolic":"reference","module":"@ionic-native/core","name":"CordovaInstance","line":146,"character":3},"arguments":[{"sync":true}]}]}]}},"MediaStatusUpdateCallback":{"__symbolic":"interface"},"MediaError":{"__symbolic":"interface"},"MEDIA_STATUS":{"NONE":0,"STARTING":1,"RUNNING":2,"PAUSED":3,"STOPPED":4},"MEDIA_ERROR":{"ABORTED":1,"NETWORK":2,"DECODE":3,"SUPPORTED":4},"MediaErrorCallback":{"__symbolic":"interface"},"Media":{"__symbolic":"class","extends":{"__symbolic":"reference","module":"@ionic-native/core","name":"IonicNativePlugin","line":290,"character":27},"decorators":[{"__symbolic":"call","expression":{"__symbolic":"reference","module":"@ionic-native/core","name":"Plugin","line":281,"character":1},"arguments":[{"pluginName":"Media","repo":"https://github.com/apache/cordova-plugin-media","plugin":"cordova-plugin-media","pluginRef":"exe.Media","platforms":["Android","Browser","iOS","Windows"]}]},{"__symbolic":"call","expression":{"__symbolic":"reference","module":"@angular/core","name":"Injectable","line":289,"character":1}}],"members":{"create":[{"__symbolic":"method"}]}}}}]