{"moduleName":null,"summaries":[{"symbol":{"__symbol":0,"members":[]},"metadata":{"__symbolic":"class","members":{"successCallback":[{"__symbolic":"property","decorators":[{"__symbolic":"resolved","symbol":{"__symbol":1,"members":[]},"line":28,"character":3,"fileName":"src\\@ionic-native\\plugins\\media\\index.ts"}]}],"errorCallback":[{"__symbolic":"property","decorators":[{"__symbolic":"resolved","symbol":{"__symbol":1,"members":[]},"line":34,"character":3,"fileName":"src\\@ionic-native\\plugins\\media\\index.ts"}]}],"statusCallback":[{"__symbolic":"property","decorators":[{"__symbolic":"resolved","symbol":{"__symbol":1,"members":[]},"line":40,"character":3,"fileName":"src\\@ionic-native\\plugins\\media\\index.ts"}]}],"__ctor__":[{"__symbolic":"constructor","parameters":[null]}],"getCurrentAmplitude":[{"__symbolic":"method","decorators":[{"__symbolic":"call","expression":{"__symbolic":"resolved","symbol":{"__symbol":2,"members":[]},"line":64,"character":3,"fileName":"src\\@ionic-native\\plugins\\media\\index.ts"}}]}],"getCurrentPosition":[{"__symbolic":"method","decorators":[{"__symbolic":"call","expression":{"__symbolic":"resolved","symbol":{"__symbol":2,"members":[]},"line":71,"character":3,"fileName":"src\\@ionic-native\\plugins\\media\\index.ts"}}]}],"getDuration":[{"__symbolic":"method","decorators":[{"__symbolic":"call","expression":{"__symbolic":"resolved","symbol":{"__symbol":2,"members":[]},"line":78,"character":3,"fileName":"src\\@ionic-native\\plugins\\media\\index.ts"},"arguments":[{"sync":true}]}]}],"play":[{"__symbolic":"method","decorators":[{"__symbolic":"call","expression":{"__symbolic":"resolved","symbol":{"__symbol":2,"members":[]},"line":84,"character":3,"fileName":"src\\@ionic-native\\plugins\\media\\index.ts"},"arguments":[{"sync":true}]}]}],"pause":[{"__symbolic":"method","decorators":[{"__symbolic":"call","expression":{"__symbolic":"resolved","symbol":{"__symbol":2,"members":[]},"line":93,"character":3,"fileName":"src\\@ionic-native\\plugins\\media\\index.ts"},"arguments":[{"sync":true}]}]}],"release":[{"__symbolic":"method","decorators":[{"__symbolic":"call","expression":{"__symbolic":"resolved","symbol":{"__symbol":2,"members":[]},"line":99,"character":3,"fileName":"src\\@ionic-native\\plugins\\media\\index.ts"},"arguments":[{"sync":true}]}]}],"seekTo":[{"__symbolic":"method","decorators":[{"__symbolic":"call","expression":{"__symbolic":"resolved","symbol":{"__symbol":2,"members":[]},"line":106,"character":3,"fileName":"src\\@ionic-native\\plugins\\media\\index.ts"},"arguments":[{"sync":true}]}]}],"setVolume":[{"__symbolic":"method","decorators":[{"__symbolic":"call","expression":{"__symbolic":"resolved","symbol":{"__symbol":2,"members":[]},"line":113,"character":3,"fileName":"src\\@ionic-native\\plugins\\media\\index.ts"},"arguments":[{"sync":true}]}]}],"setRate":[{"__symbolic":"method","decorators":[{"__symbolic":"call","expression":{"__symbolic":"resolved","symbol":{"__symbol":2,"members":[]},"line":116,"character":3,"fileName":"src\\@ionic-native\\plugins\\media\\index.ts"},"arguments":[{"sync":true}]}]}],"startRecord":[{"__symbolic":"method","decorators":[{"__symbolic":"call","expression":{"__symbolic":"resolved","symbol":{"__symbol":2,"members":[]},"line":122,"character":3,"fileName":"src\\@ionic-native\\plugins\\media\\index.ts"},"arguments":[{"sync":true}]}]}],"stopRecord":[{"__symbolic":"method","decorators":[{"__symbolic":"call","expression":{"__symbolic":"resolved","symbol":{"__symbol":2,"members":[]},"line":128,"character":3,"fileName":"src\\@ionic-native\\plugins\\media\\index.ts"},"arguments":[{"sync":true}]}]}],"pauseRecord":[{"__symbolic":"method","decorators":[{"__symbolic":"call","expression":{"__symbolic":"resolved","symbol":{"__symbol":2,"members":[]},"line":134,"character":3,"fileName":"src\\@ionic-native\\plugins\\media\\index.ts"},"arguments":[{"sync":true}]}]}],"resumeRecord":[{"__symbolic":"method","decorators":[{"__symbolic":"call","expression":{"__symbolic":"resolved","symbol":{"__symbol":2,"members":[]},"line":140,"character":3,"fileName":"src\\@ionic-native\\plugins\\media\\index.ts"},"arguments":[{"sync":true}]}]}],"stop":[{"__symbolic":"method","decorators":[{"__symbolic":"call","expression":{"__symbolic":"resolved","symbol":{"__symbol":2,"members":[]},"line":146,"character":3,"fileName":"src\\@ionic-native\\plugins\\media\\index.ts"},"arguments":[{"sync":true}]}]}]}}},{"symbol":{"__symbol":3,"members":[]},"metadata":{"__symbolic":"interface"}},{"symbol":{"__symbol":4,"members":[]},"metadata":{"__symbolic":"interface"}},{"symbol":{"__symbol":5,"members":[]},"metadata":{"NONE":0,"STARTING":1,"RUNNING":2,"PAUSED":3,"STOPPED":4}},{"symbol":{"__symbol":6,"members":[]},"metadata":{"ABORTED":1,"NETWORK":2,"DECODE":3,"SUPPORTED":4}},{"symbol":{"__symbol":7,"members":[]},"metadata":{"__symbolic":"interface"}},{"symbol":{"__symbol":8,"members":[]},"metadata":{"__symbolic":"class","extends":{"__symbolic":"resolved","symbol":{"__symbol":9,"members":[]},"line":290,"character":27,"fileName":"src\\@ionic-native\\plugins\\media\\index.ts"},"members":{"create":[{"__symbolic":"method"}]}},"type":{"summaryKind":3,"type":{"reference":{"__symbol":8,"members":[]},"diDeps":[],"lifecycleHooks":[]}}}],"symbols":[{"__symbol":0,"name":"MediaObject","filePath":"./index"},{"__symbol":1,"name":"InstanceProperty","filePath":"../../../../dist/@ionic-native/core/index"},{"__symbol":2,"name":"CordovaInstance","filePath":"../../../../dist/@ionic-native/core/index"},{"__symbol":3,"name":"MediaStatusUpdateCallback","filePath":"./index"},{"__symbol":4,"name":"MediaError","filePath":"./index"},{"__symbol":5,"name":"MEDIA_STATUS","filePath":"./index"},{"__symbol":6,"name":"MEDIA_ERROR","filePath":"./index"},{"__symbol":7,"name":"MediaErrorCallback","filePath":"./index"},{"__symbol":8,"name":"Media","filePath":"./index"},{"__symbol":9,"name":"IonicNativePlugin","filePath":"../../../../dist/@ionic-native/core/index"}]}