[{"__symbolic":"module","version":4,"metadata":{"LiveConfig":{"__symbolic":"interface"},"LiveShow":{"__symbolic":"class","extends":{"__symbolic":"reference","module":"@ionic-native/core","name":"IonicNativePlugin","line":23,"character":30},"decorators":[{"__symbolic":"call","expression":{"__symbolic":"reference","module":"@ionic-native/core","name":"Plugin","line":12,"character":1},"arguments":[{"pluginName":"LiveShow","plugin":"com.exe.livePlugin","pluginRef":"exe.LiveShow","repo":"","install":"","installVariables":[],"platforms":["Android","iOS"]}]},{"__symbolic":"call","expression":{"__symbolic":"reference","module":"@angular/core","name":"Injectable","line":22,"character":1}}],"members":{"init":[{"__symbolic":"method","decorators":[{"__symbolic":"call","expression":{"__symbolic":"reference","module":"@ionic-native/core","name":"Cordova","line":24,"character":3},"arguments":[{"sync":true}]}]}],"play":[{"__symbolic":"method","decorators":[{"__symbolic":"call","expression":{"__symbolic":"reference","module":"@ionic-native/core","name":"Cordova","line":29,"character":3},"arguments":[{"sync":true}]}]}],"publish":[{"__symbolic":"method","decorators":[{"__symbolic":"call","expression":{"__symbolic":"reference","module":"@ionic-native/core","name":"Cordova","line":34,"character":3}}]}],"quit":[{"__symbolic":"method","decorators":[{"__symbolic":"call","expression":{"__symbolic":"reference","module":"@ionic-native/core","name":"Cordova","line":39,"character":3}}]}],"servieQuit":[{"__symbolic":"method","decorators":[{"__symbolic":"call","expression":{"__symbolic":"reference","module":"@ionic-native/core","name":"Cordova","line":44,"character":3}}]}],"refreshDoc":[{"__symbolic":"method","decorators":[{"__symbolic":"call","expression":{"__symbolic":"reference","module":"@ionic-native/core","name":"Cordova","line":49,"character":3}}]}]}}}}]