{"moduleName":null,"summaries":[{"symbol":{"__symbol":0,"members":[]},"metadata":{"__symbolic":"interface"}},{"symbol":{"__symbol":1,"members":[]},"metadata":{"__symbolic":"class","extends":{"__symbolic":"resolved","symbol":{"__symbol":2,"members":[]},"line":23,"character":30,"fileName":"src\\@ionic-native\\plugins\\live-show\\index.ts"},"members":{"init":[{"__symbolic":"method","decorators":[{"__symbolic":"call","expression":{"__symbolic":"resolved","symbol":{"__symbol":3,"members":[]},"line":24,"character":3,"fileName":"src\\@ionic-native\\plugins\\live-show\\index.ts"},"arguments":[{"sync":true}]}]}],"play":[{"__symbolic":"method","decorators":[{"__symbolic":"call","expression":{"__symbolic":"resolved","symbol":{"__symbol":3,"members":[]},"line":29,"character":3,"fileName":"src\\@ionic-native\\plugins\\live-show\\index.ts"},"arguments":[{"sync":true}]}]}],"publish":[{"__symbolic":"method","decorators":[{"__symbolic":"call","expression":{"__symbolic":"resolved","symbol":{"__symbol":3,"members":[]},"line":34,"character":3,"fileName":"src\\@ionic-native\\plugins\\live-show\\index.ts"}}]}],"quit":[{"__symbolic":"method","decorators":[{"__symbolic":"call","expression":{"__symbolic":"resolved","symbol":{"__symbol":3,"members":[]},"line":39,"character":3,"fileName":"src\\@ionic-native\\plugins\\live-show\\index.ts"}}]}],"servieQuit":[{"__symbolic":"method","decorators":[{"__symbolic":"call","expression":{"__symbolic":"resolved","symbol":{"__symbol":3,"members":[]},"line":44,"character":3,"fileName":"src\\@ionic-native\\plugins\\live-show\\index.ts"}}]}],"refreshDoc":[{"__symbolic":"method","decorators":[{"__symbolic":"call","expression":{"__symbolic":"resolved","symbol":{"__symbol":3,"members":[]},"line":49,"character":3,"fileName":"src\\@ionic-native\\plugins\\live-show\\index.ts"}}]}]}},"type":{"summaryKind":3,"type":{"reference":{"__symbol":1,"members":[]},"diDeps":[],"lifecycleHooks":[]}}}],"symbols":[{"__symbol":0,"name":"LiveConfig","filePath":"./index"},{"__symbol":1,"name":"LiveShow","filePath":"./index"},{"__symbol":2,"name":"IonicNativePlugin","filePath":"../../../../dist/@ionic-native/core/index"},{"__symbol":3,"name":"Cordova","filePath":"../../../../dist/@ionic-native/core/index"}]}