{"moduleName":null,"summaries":[{"symbol":{"__symbol":0,"members":[]},"metadata":{"__symbolic":"class","extends":{"__symbolic":"resolved","symbol":{"__symbol":1,"members":[]},"line":14,"character":32,"fileName":"src\\@ionic-native\\plugins\\upload-files\\index.ts"},"members":{"startUploadFile":[{"__symbolic":"method","decorators":[{"__symbolic":"call","expression":{"__symbolic":"resolved","symbol":{"__symbol":2,"members":[]},"line":25,"character":5,"fileName":"src\\@ionic-native\\plugins\\upload-files\\index.ts"}}]}],"pauseUploadFile":[{"__symbolic":"method","decorators":[{"__symbolic":"call","expression":{"__symbolic":"resolved","symbol":{"__symbol":2,"members":[]},"line":30,"character":5,"fileName":"src\\@ionic-native\\plugins\\upload-files\\index.ts"}}]}],"resumeUploadFile":[{"__symbolic":"method","decorators":[{"__symbolic":"call","expression":{"__symbolic":"resolved","symbol":{"__symbol":2,"members":[]},"line":35,"character":5,"fileName":"src\\@ionic-native\\plugins\\upload-files\\index.ts"}}]}],"cancelUploadFile":[{"__symbolic":"method","decorators":[{"__symbolic":"call","expression":{"__symbolic":"resolved","symbol":{"__symbol":2,"members":[]},"line":40,"character":5,"fileName":"src\\@ionic-native\\plugins\\upload-files\\index.ts"}}]}]}},"type":{"summaryKind":3,"type":{"reference":{"__symbol":0,"members":[]},"diDeps":[],"lifecycleHooks":[]}}}],"symbols":[{"__symbol":0,"name":"UploadFile","filePath":"./index"},{"__symbol":1,"name":"IonicNativePlugin","filePath":"../../../../dist/@ionic-native/core/index"},{"__symbol":2,"name":"Cordova","filePath":"../../../../dist/@ionic-native/core/index"}]}