[{"__symbolic":"module","version":4,"metadata":{"ShareTextOption":{"__symbolic":"interface"},"ShareImageOption":{"__symbolic":"interface"},"ShareWebOption":{"__symbolic":"interface"},"ShareEmbedOptions":{"__symbolic":"interface"},"DingTalk":{"__symbolic":"class","extends":{"__symbolic":"reference","module":"@ionic-native/core","name":"IonicNativePlugin","line":71,"character":30},"decorators":[{"__symbolic":"call","expression":{"__symbolic":"reference","module":"@ionic-native/core","name":"Plugin","line":61,"character":1},"arguments":[{"pluginName":"DingTalk","plugin":"cordova-plugin-dingtalk","pluginRef":"exe.Dingtalk","repo":"https://gitee.com/wukuiyi/cordova-plugin-dingtalk","install":"","installVariables":[],"platforms":["Android","iOS"]}]},{"__symbolic":"call","expression":{"__symbolic":"reference","module":"@angular/core","name":"Injectable","line":70,"character":1}}],"members":{"isInstalled":[{"__symbolic":"method","decorators":[{"__symbolic":"call","expression":{"__symbolic":"reference","module":"@ionic-native/core","name":"Cordova","line":72,"character":3},"arguments":[{"callbackOrder":"reverse"}]}]}],"shareTextObject":[{"__symbolic":"method","decorators":[{"__symbolic":"call","expression":{"__symbolic":"reference","module":"@ionic-native/core","name":"Cordova","line":79,"character":3},"arguments":[{"callbackOrder":"reverse"}]}]}],"shareImageObject":[{"__symbolic":"method","decorators":[{"__symbolic":"call","expression":{"__symbolic":"reference","module":"@ionic-native/core","name":"Cordova","line":86,"character":3},"arguments":[{"callbackOrder":"reverse"}]}]}],"shareWebObject":[{"__symbolic":"method","decorators":[{"__symbolic":"call","expression":{"__symbolic":"reference","module":"@ionic-native/core","name":"Cordova","line":93,"character":3},"arguments":[{"callbackOrder":"reverse"}]}]}]}}}}]