{"moduleName":null,"summaries":[{"symbol":{"__symbol":0,"members":[]},"metadata":{"__symbolic":"interface"}},{"symbol":{"__symbol":1,"members":[]},"metadata":{"__symbolic":"interface"}},{"symbol":{"__symbol":2,"members":[]},"metadata":{"__symbolic":"interface"}},{"symbol":{"__symbol":3,"members":[]},"metadata":{"__symbolic":"interface"}},{"symbol":{"__symbol":4,"members":[]},"metadata":{"__symbolic":"class","extends":{"__symbolic":"resolved","symbol":{"__symbol":5,"members":[]},"line":71,"character":30,"fileName":"src\\@ionic-native\\plugins\\dingtalk\\index.ts"},"members":{"isInstalled":[{"__symbolic":"method","decorators":[{"__symbolic":"call","expression":{"__symbolic":"resolved","symbol":{"__symbol":6,"members":[]},"line":72,"character":3,"fileName":"src\\@ionic-native\\plugins\\dingtalk\\index.ts"},"arguments":[{"callbackOrder":"reverse"}]}]}],"shareTextObject":[{"__symbolic":"method","decorators":[{"__symbolic":"call","expression":{"__symbolic":"resolved","symbol":{"__symbol":6,"members":[]},"line":79,"character":3,"fileName":"src\\@ionic-native\\plugins\\dingtalk\\index.ts"},"arguments":[{"callbackOrder":"reverse"}]}]}],"shareImageObject":[{"__symbolic":"method","decorators":[{"__symbolic":"call","expression":{"__symbolic":"resolved","symbol":{"__symbol":6,"members":[]},"line":86,"character":3,"fileName":"src\\@ionic-native\\plugins\\dingtalk\\index.ts"},"arguments":[{"callbackOrder":"reverse"}]}]}],"shareWebObject":[{"__symbolic":"method","decorators":[{"__symbolic":"call","expression":{"__symbolic":"resolved","symbol":{"__symbol":6,"members":[]},"line":93,"character":3,"fileName":"src\\@ionic-native\\plugins\\dingtalk\\index.ts"},"arguments":[{"callbackOrder":"reverse"}]}]}]}},"type":{"summaryKind":3,"type":{"reference":{"__symbol":4,"members":[]},"diDeps":[],"lifecycleHooks":[]}}}],"symbols":[{"__symbol":0,"name":"ShareTextOption","filePath":"./index"},{"__symbol":1,"name":"ShareImageOption","filePath":"./index"},{"__symbol":2,"name":"ShareWebOption","filePath":"./index"},{"__symbol":3,"name":"ShareEmbedOptions","filePath":"./index"},{"__symbol":4,"name":"DingTalk","filePath":"./index"},{"__symbol":5,"name":"IonicNativePlugin","filePath":"../../../../dist/@ionic-native/core/index"},{"__symbol":6,"name":"Cordova","filePath":"../../../../dist/@ionic-native/core/index"}]}