{"moduleName":null,"summaries":[{"symbol":{"__symbol":0,"members":[]},"metadata":{"__symbolic":"class","extends":{"__symbolic":"resolved","symbol":{"__symbol":1,"members":[]},"line":14,"character":31,"fileName":"src\\@ionic-native\\plugins\\save-image\\index.ts"},"members":{"saveImageToLibrary":[{"__symbolic":"method","decorators":[{"__symbolic":"call","expression":{"__symbolic":"resolved","symbol":{"__symbol":2,"members":[]},"line":15,"character":3,"fileName":"src\\@ionic-native\\plugins\\save-image\\index.ts"}}]}]}},"type":{"summaryKind":3,"type":{"reference":{"__symbol":0,"members":[]},"diDeps":[],"lifecycleHooks":[]}}}],"symbols":[{"__symbol":0,"name":"SaveImage","filePath":"./index"},{"__symbol":1,"name":"IonicNativePlugin","filePath":"../../../../dist/@ionic-native/core/index"},{"__symbol":2,"name":"Cordova","filePath":"../../../../dist/@ionic-native/core/index"}]}