{"moduleName":null,"summaries":[{"symbol":{"__symbol":0,"members":[]},"metadata":{"__symbolic":"interface"}},{"symbol":{"__symbol":1,"members":[]},"metadata":{"FILE_URL":0,"DATA_URL":1}},{"symbol":{"__symbol":2,"members":[]},"metadata":{"__symbolic":"interface"}},{"symbol":{"__symbol":3,"members":[]},"metadata":{"DATA_URL":0,"FILE_URL":1,"NATIVE_URI":2}},{"symbol":{"__symbol":4,"members":[]},"metadata":{"JPEG":0,"PNG":1}},{"symbol":{"__symbol":5,"members":[]},"metadata":{"PICTURE":0,"VIDEO":1,"ALLMEDIA":2}},{"symbol":{"__symbol":6,"members":[]},"metadata":{"PHOTOLIBRARY":0,"CAMERA":1,"SAVEDPHOTOALBUM":2}},{"symbol":{"__symbol":7,"members":[]},"metadata":{"ARROW_UP":1,"ARROW_DOWN":2,"ARROW_LEFT":3,"ARROW_RIGHT":4,"ARROW_ANY":5}},{"symbol":{"__symbol":8,"members":[]},"metadata":{"BACK":0,"FRONT":1}},{"symbol":{"__symbol":9,"members":[]},"metadata":{"__symbolic":"class","extends":{"__symbolic":"resolved","symbol":{"__symbol":10,"members":[]},"line":187,"character":28,"fileName":"src\\@ionic-native\\plugins\\camera\\index.ts"},"members":{"getPicture":[{"__symbolic":"method","decorators":[{"__symbolic":"call","expression":{"__symbolic":"resolved","symbol":{"__symbol":11,"members":[]},"line":260,"character":3,"fileName":"src\\@ionic-native\\plugins\\camera\\index.ts"},"arguments":[{"callbackOrder":"reverse"}]}]}],"cleanup":[{"__symbolic":"method","decorators":[{"__symbolic":"call","expression":{"__symbolic":"resolved","symbol":{"__symbol":11,"members":[]},"line":272,"character":3,"fileName":"src\\@ionic-native\\plugins\\camera\\index.ts"},"arguments":[{"platforms":["iOS"]}]}]}]}},"type":{"summaryKind":3,"type":{"reference":{"__symbol":9,"members":[]},"diDeps":[],"lifecycleHooks":[]}}}],"symbols":[{"__symbol":0,"name":"CameraOptions","filePath":"./index"},{"__symbol":1,"name":"OutputType","filePath":"./index"},{"__symbol":2,"name":"CameraPopoverOptions","filePath":"./index"},{"__symbol":3,"name":"DestinationType","filePath":"./index"},{"__symbol":4,"name":"EncodingType","filePath":"./index"},{"__symbol":5,"name":"MediaType","filePath":"./index"},{"__symbol":6,"name":"PictureSourceType","filePath":"./index"},{"__symbol":7,"name":"PopoverArrowDirection","filePath":"./index"},{"__symbol":8,"name":"Direction","filePath":"./index"},{"__symbol":9,"name":"Camera","filePath":"./index"},{"__symbol":10,"name":"IonicNativePlugin","filePath":"../../../../dist/@ionic-native/core/index"},{"__symbol":11,"name":"Cordova","filePath":"../../../../dist/@ionic-native/core/index"}]}